source,title,article_body,collect_time,link,good,nice,sad,angry,wanted,recommand,press
naver_news,검찰-야당 '내통' 의혹에 이낙연 "사실이라면 범법",곽재훈 기자정기국회 경제분야 대정부질문에서 정부여당이 조국 법무장관을 겨냥한 검찰 수사에 대해 비판을 쏟아냈다 특히 정부를 대표해 답변대에 선 이낙연 국무총리는 검찰과 야당의 내통 의혹을 합리적 의심이라고 규정하며 징계 가능성까지 간접 언급해 눈길을 끌었다30일 오후 국회 대정부질문에서 더불어민주당 윤관석 의원은 검찰총장도 알지 못했다는 내용이 정보통을 통해 자유한국당 의원 대정부질의에서 나왔다면서 이를 보면 일부 정치 검찰과 한국당이 수사기밀 내통을 넘어 부당거래를 하고 있다고 주장하고 총리의 의견을 물었다이 총리는 이에 의심의 여지는 있다고 생각한다고 답해 주목을 끌었다 이 총리는 확증은 갖고 있지 않다면서도 사실이라면 범법이라고 말했다윤 의원은 이어 검찰 내부에서 특정 정치세력과 수사기밀을 갖고 부당거래를 하고 있다면 윤석열 검찰총장이 철저히 조사해 합당한 징계를 해야 한다는 데 동의하느냐고 물었고 이 총리는 검찰의 신뢰를 위해 필요한 조치를 해야 한다고 화답했다한국당 윤영석 의원이 이와 관련 검찰이 피의사실 공표를 했다는 것 정치를 하려고 덤빈다는 것은 추측 아니냐고 따진 데 대해서도 이 총리는 합리적 의심이라며 인사검증에 영향을 미칠 수 있고 그것을 절제해 달라는 것이었다며 입장을 굽히지 않았다이 총리는 검찰에 대한 의심을 숨기지 않았다 그는 수사 상황이 실시간 생중계되다시피 하는데 수사 내용이 공개되지 않고서야 어떻게 저렇게 될 수 있을까라며 저도 취재를 21년 했지만 아무리 취재 역량이 좋아도 어떻게 저렇게 할 수 있나 예컨대 압수수색 현장에 기자가 미리 가 있는 것등을 보면 의아스럽게 생각한다고 말했다 이 총리는 동아일보 기자 출신이다이 총리는 또 윤 의원이 검찰이 압수수색과 소환 피의사실 유포를 통해 조 장관의 임명 이전부터 방해하고 정치를 하고 있다 윤석열 검찰의 수사 정치라고 주장한 데 대해 고개를 끄덕이며 공교롭게도 국회 또는 정부가 검증인사 과정에서 중요한 일을 할 때마다 요란스런 일이 벌어졌다고 생각한다고 말해 또 한 번 눈길을 끌었다윤 의원이 검찰이 수사로 정치에 개입하는 것은 대통령 인사권 침해이고 스스로 중립성을 침해하는 것이라고 말한 데 대해서도 이 총리는 원칙적으로 동의한다고 답했다윤 의원이 국정농단 수사에서 압수수색이 40여 건이었는데 조국 장관 관련 수사에서는 70여 건이라고 지적하자 이 총리는 검찰이 혐의에 대해 철저히 수사하는 건 옳은 일이라면서도 그러나 헌법과 법률의 테두리를 잘 지켜야 하고 공권력 집행은 기본적인 속성이 국민 기본권에 대한 제약이기 때문에 절제하면서 집행하는 것이 본래적 의미이다 그런 원칙을 지키고 있나 검찰 스스로 성찰이 필요하다고 비판했다이 총리는 앞서 자신이 예결위 답변에서 검찰에 대해 검찰이 정치를 하겠다는 것은 본연의 영역을 넘어선 것이라고 말했던 데 대해 본연의 역할에 충실했으면 하는 바람을 표현한 것이라고 했다 지난 주말 검찰청 앞 촛불시위에 대해서는 검찰이 개혁돼야 한다는 국민의 요구가 뜨겁다고 느꼈다고 말했다이 총리는 한편 한국당 이헌승 의원이 조국 민정수석 시절 전직 기무사령관과 검사가 이른바 적폐 청산 관련 수사를 받다가 목숨을 끊었는데 변호인도 없었고 검찰은 고인의 아들 방까지 뒤졌다면서 어떻게 조국에게만 과잉수사 금지 원칙이 적용되느냐고 지적하자 故 이재수 사령관과 변창훈 검사 수사 과정의 문제 여부는 아무도 저에게 물어보시지 않았다면서 의원께서 지금 처음 물어 주셨는데 지나간 일이지만 잘못은 잘못이라고 답변했다곽재훈 기자 nowherepressiancomCopyrights PRESSiancom 무단전재 및 재배포금지,2019-09-30,https://news.naver.com/main/read.nhn?mode=LSD&mid=shm&sid1=100&oid=002&aid=0002105357,0,0,0,5,1,0,프레시안
naver_news,이낙연 “檢의 조국 수사, 요란…비정상적 아니지만 이례적”,이낙연 국무총리가 30일 국회 본회의장에서 열린 대정부질문에 참석해 있다 연합뉴스 이낙연 국무총리가 30일 국회 본회의장에서 열린 대정부질문에 참석해 있다 연합뉴스이낙연 국무총리가 검찰의 조국 법무부 장관 수사에 대해 이례적으로 요란하다고 느낀다며 검찰을 겨냥했다이 총리는 30일 국회 대정부질문에서 정성호 더불어민주당 의원이 검찰력이 조국에 매달려 나라 전체가 시끄럽다고 질의하자 상당수 국민이 과도하다고 느끼는 것 같다며 이같이 말했다이어 검찰이 제약 없이 심지어 과도하다는 비판을 받아가면서 수사하는데도 불구하고 검찰개혁이 필요하다는 국민의 요구가 나오는 역설적인 상황에 놓여있다고 했다 정 의원이 무차별적 비정상적 수사가 진행된다는 데 동의하느냐고 묻자 비정상적이라기보다는 이례적이라고 생각한다고 답했다28일 검찰청 앞에서 열린 대규모 촛불집회와 관련해서는 검찰개혁이 절박하다는 국민들의 뜨거운 의견이 표출됐다고 생각한다고 말했다이 총리는 또 제가 개별 사건의 수사에 간섭할 수는 없지만 검찰개혁은 시대적 과제라며 검찰개혁 관련 법안이 국회에 올라있지만 행정부로서 할 수 있는 일을 하도록 하겠다고 강조했다그는 조 장관에 대한 해임 건의 의사를 묻는 이헌승 자유한국당 의원의 질의에는 해임 건의 문제는 진실이 가려지는 것을 볼 필요가 있다고 생각한다고 말했다 그러면서 요란하게 총리 역할을 수행하기보다 훗날 그 시점에 이낙연이 무슨 일을 했구나 국민이 알 수 있다면 다행이라고 덧붙였다지호일 기자 blue51kmibcokrGoodNews paper  국민일보wwwkmibcokr  무단전재 및 재배포금지,2019-09-30,https://news.naver.com/main/read.nhn?mode=LSD&mid=shm&sid1=100&oid=005&aid=0001244444,6,0,0,39,0,3,국민일보
naver_news,황교안 "그 점잖은 분이 어쩌다" 이낙연 총리 저격,대정부질문 참석한 이낙연 총리 사진연합뉴스 대정부질문 참석한 이낙연 총리 사진연합뉴스국무총리까지 현장 상황을 왜곡하고 있다 그 점잖은 분이 왜 그렇게 됐나황교안 자유한국당 대표가 30일 조국 법무부 장관 자택 압수수색에 대해 이낙연 국무총리가 아무리 봐도 과도했다고 한 발언을 두고 국무총리까지 현장 상황을 왜곡하고 있다고 밝혔다황 대표는 이날 국회 본청 앞에서 열린 의원총회에서 대통령이 나서고 청와대 비서실이 나서고 여당이 나서고 이제는 국무총리까지 나섰다면서 여성만 두 분정경심 교수와 딸 있는 집에서 많은 남성들이 11시간 동안 뒤지고 식사를 배달해 먹는 것은 아무리 봐도 과도했다 과잉금지원칙 위반 소지가 충분히 있다고 생각한다는 이 총리의 발언이 현실 왜곡이라고 비판했다이 총리는 26일 국회 대정부질문에서 조 장관이 압수수색 중인 검찰과 통화했다는 한국당 의원의 폭로가 나오자 조 장관이 통화한 점은 아쉽다 부적절하다고 생각한다고 답했으나 다음날 태도를 바꿔 검찰의 무리한 수사를 비판했다이 총리는 이날 국회 대정부질문에서 검찰의 지난 23일 조국 법무장관 자택 압수수색 당시 집에 조 장관 아내 정경심 동양대 교수와 딸만 있었다는 이 총리 주장에 대해 진위를 묻는 김광림 한국당 의원 질의에 관련 보도가 엇갈리는데 좀 더 확인하겠다고 즉답을 피했다이 총리는 지난 27일 국회 대정부질문 답변에서 여성만 두 분 계시는 집에 많은 남성이 들어가 11시간 동안 뒤지고 식사까지 배달해서 먹은 것검찰 수사은 과도하다며 검찰이 무리한 수사를 하고 있다는 취지로 말했다하지만 이총리의 발언과 달리 압수수색 당시 조 장관의 집에는 정 교수와 딸 아들까지 가족 3명이 있었으며 정 교수 측이 부른 변호사 3인도 가세했던 것으로 알려졌다검찰 압수수색팀은 검사 2명과 수사관 4명이었으며 검사와 수사관 1명씩은 여성이었다압수수색은 변호사 3명이 현장에 도착한 뒤 집행에 들어갔고 조 장관 측이 압수 대상 범위를 두고 이의제기를 하면서 2차례 추가 압수수색영장을 발부받느라 시간이 지연된 측면도 있다황 대표는 또 문재인 대통령이 검찰의 조 장관 수사 관련 상황에 화가 많이 났다는 내용의 언론 보도를 언급하며 대통령은 누구에게 화를 낸 것인가 이 정권에 분노하고 화를 내야 할 사람은 바로 국민인데 대통령이 화를 내다니 이게 도대체 무슨 말인가라고 반문했다이어 경제는 무너지고 안보는 파탄에 빠지고 외교도 뭐 하나 제대로 한 게 없는 정권이 국민이 그렇게 반대하는 조국을 법무부 장관에 앉혀 놨다고 덧붙였다황 대표는 27일 문 대통령이 조 장관을 수사하는 검찰을 비판한 데 대해 문 대통령의 발언은 명백한 검찰 겁박이며 수사 외압이다라며 사건을 수사 중인 검찰에 대해 대통령이 나서서 수사 관행 개혁 인권 존중 운운했다 그 자체가 검찰에 대한 겁박이며 또한 검찰을 권력의 주구로 만들려는 것이다라고 주장했다이어 압수수색 중인 검사에게 전화로 배려해달라고 지시하는 법무부장관 대통령 방미를 명분으로 조용히 수사하라고 요구하는 청와대 정무 수석 검찰을 고발하겠다는 집권 여당 그것도 모자라 직접 검찰을 겁박하는 대통령까지 지금 대한민국은 정상적인 나라가 아니다라면서 문 대통령이 진정으로 검찰의 수사 관행과 인권 침해를 걱정했다면 소위 적폐수사로 故 이재수 기무사령관 조진래 의원 변창훈 검사 등 안타까운 자살 사태가 발생했을 때 한마디라도 했어야 한다 조국의 가족에만 인권이 있고그들에게는 인권이 없단 말인가 그 때는 맞고 지금은 틀리다는 대통령의 이중적 태도에 어느 국민이 동의하겠는가라고 되물었다승재현 형사정책연구원 연구위원은 한경닷컴에 영장을 집행 하는 장소에서 압수를 하는 사람은 남성이 아니라 형사절차를 집행하는 국가공무원이기에 성별은 중요하지 않다면서 형사절차를 집행함에 있어서 가장 중요한 것은 적법절차 준수여부다 집행하는 사람의 성별은 절대 그리고 전혀 문제가 될 수 없다고 강조했다승 연구위원은 이어 압수 현장에 여성이 있는지 아니면 남성이 있는지 압수를 집행하는 공무원은 미리 알 수 없는데 영장집행장소에 여성만 있다는 이유로 영장집행을 미룰수는 없다면서 알려진대로 현장에 있던 변호사들의 이의 제기로 추가영장을 두 차례 받느라 지체돼서 총 시간이 11시간이 걸렸을 뿐 실제 압수수색에 집행된 시간은 다를 수 있다고 덧붙였다이미나 한경닷컴 기자 helperhankyungcom 한국경제  hankyungcom  무단전재 및 재배포 금지,2019-09-30,https://news.naver.com/main/read.nhn?mode=LSD&mid=shm&sid1=100&oid=015&aid=0004216662,43,0,0,7,1,3,한국경제
naver_news,北 "南 보수세력의 조국 파면 요구는 정치 쿠데타",지난 28일 오후 서울 서초구 서초동 서울중앙지검 앞에서 열린 검찰 개혁 촛불 문화제에서 참석자들이 구호를 외치고 있다 연합뉴스 지난 28일 오후 서울 서초구 서초동 서울중앙지검 앞에서 열린 검찰 개혁 촛불 문화제에서 참석자들이 구호를 외치고 있다 연합뉴스북한이 조국 법무부 장관 파면을 요구하는 자유한국당과 보수 진영의 행보에 대해 보수세력을 규합해 권력 야욕을 채울 수 있는 좋은 기회로 삼고 있다면서 정치 쿠데타라고 비난했다북한 노동당 기관지 노동신문은 30일 권력욕에 환장한자 들의 정치쿠데타 소동이라는 제목의 정세론해설 사에서 한국당 황교안 대표의 삭발과 서울 시내에서 열리는 장외집회 등을 거론하며 이미 촛불민심의 준엄한 심판을 받은 남조선의 보수역적패당이 지금에 와서까지 아무런 죄의식도 없이 목을 뻣뻣이 쳐들고 오히려 제편에서 민중의 이름으로 그 누구를 심판하겠다는 것은 실로 경악을 자아내는 사태가 아닐 수 없다고 주장했다신문은 자한당을 비롯한 남조선 보수패당의 망동은 헌정수호와 법치의 간판 밑에 정권찬탈 흉계를 실현하기 위한 정치쿠데타의 서막이라면서 인민들을 기만우롱하며 사기협잡과 음모책동으로 권력의 자리를 타고 앉는 것은 남조선보수패당의 상투적 수법이라고 했다이어 이자들은 현 집권자의 법무부 장관 임명 강행을 저들에게로 쏠린 민심의 비난 여론을 딴데로 돌리고 보수세력을 규합하여 권력 야욕을 채울수 있는 좋은 기회로 삼으면서 반정부 공세에 필사적으로 매달리고 있다면서 저들의 더러운 반역적정체와 정치적무능을 가리우고 민심을 기만하기 위한 유치한 광대극이라고 했다신문은 또 남조선인민들은 민생은 돌보지 않고 정쟁에만 몰두하며 민심을 소란케 하는 보수패당을 심판해야 한다고 목소리를 높이고 있다며 자한당 것들이 미친개처럼 각지를 싸다니며 삭발을 한다 장외집회를 연다 하며 소란을 피우고 있지만 가는 곳마다에서 비난과 배척 조소와 랭대를 받고 있다고 했다그러면서 남조선의 성난 민심은 재집권을 노린 보수패당의 발악적 준동을 결코 용납치 않을 것이라며 새 정치 새 생활에 대한 남조선인민들의 지향과 요구에 도전해나서는 보수역적패당은 정치적 모략과 반역의 대가를 반드시 치르게 될 것이라고 했다북한의 대남선전매체 우리민족끼리도 이날 초촛불정권의 전복을 노린 정치쿠데타의 서막이라는 제목의 기사에서 남조선의 보수패당이 현 당국의 법무부 장관 임명 강행 문제를 걸고 반정부 공세에 전례없이 발광적으로 매달리고 있다면서 대학들에 있는 졸개들을 동원하여 보수경향의 대학생들을 반정부 초불집회 규탄집회에로 사촉하면서 련연대시위 대학별 시위를 주마다 벌려놓고 있다고 주장했다매체는 오늘의 현대문명사회에 명색이 당의 우두머리라는 자까지 거리 한복판에서 삭발을 해대며 추태를 부리는 정치버러지들은 오직 남조선의 보수떨거지들밖에 없을 것이라며 박근혜역도와 함께 응당한 심판을 받았어야 할 범죄잔당들 저들에게 파멸을 선고한 민심에 도전하여 복수의 이를 부득부득 갈며 재집권의 기회를 노리는 이자들의 란난동을 방치해둔다면 남조선사회는 또다시 파쑈독재가 난탕치는 참혹한 생지옥으로 전락되게 될 것이라고 했다윤희훈 기자 yhh22chosunbizcom Copyrights  조선일보  chosuncom 무단 전재 및 재배포 금지 ,2019-09-30,https://news.naver.com/main/read.nhn?mode=LSD&mid=shm&sid1=100&oid=023&aid=0003476962,2,0,0,59,0,7,조선일보
naver_news,대안정치, 바른미래 분당 가시화에 현판식 열어 합종연횡 기대감 발신,유성엽가운데 대표 등 변화와 희망의 대안정치연대 소속 의원들이 30일 서울 여의도 파라곤빌딩에서 대안정치 창당준비기획단 사무실 현판식을 열고 기념촬영을 하고 있다 연합뉴스 유성엽가운데 대표 등 변화와 희망의 대안정치연대 소속 의원들이 30일 서울 여의도 파라곤빌딩에서 대안정치 창당준비기획단 사무실 현판식을 열고 기념촬영을 하고 있다 연합뉴스변화와 희망의 대안정치연대대안정치가 30일 현판식을 열고 바른미래당에 신당 창당 토론회를 제안했다 바른미래당이 분당 수순에 들어갈 것으로 보이자 호남계에 구애를 보내며 틈새를 파고 들려는 것이다 11월 창당을 앞두고 제3지대를 최대한 넓혀 창당 효과를 극대화하려는 전략이다 대안정치는 바른미래당 쪽 상황을 예의주시하면서 신당 창당에 속도를 낸다는 방침이다대안정치는 이날 연석회와 창당준비기획단 현판식을 잇따라 열고 창당일정을 공식화했다 이날 부산을 시작으로 한달간 수도권과 호남을 돌며 지역별 창당준비모임도 출범하기로 했다 지역별 모임을 거친 뒤 11월 초ㆍ중순에 창당을 목표로 하고 있다창당 계획을 저울질하던 2주 전과는 확연히 달라진 모습이다 대안정치는 지난 17일 애초 29일로 예정됐던 창당 발기인대회를 연기하기로 했다 창당에 대한 관심이 적은 상황에서 속도를 냈다간 자칫 역효과가 날 수 있다는 점을 우려한 것이다그러나 계획 변화에 불을 지핀 건 바른미래당 분당 가능성이 높아졌기 때문이다 유승민을 비롯한 바른미래당 비당권파가 탈당을 언급하자 예상보다 분당 시기가 빨라질 수 있다고 판단했다 분당 이후 호남계ㆍ당권파와 손을 잡으려면 정당의 모습을 갖춰야 하기 때문이다 여기에 조국 사태로 무당층이 늘었고 거대 양당에 대한 불신이 커지면서 제3정당을 기대하는 민심을 흡수해야 한다고 본 것이다 여러모로 제3정당으로서 존재감을 높일 수 있는 적기가 왔다는 계산이다대안정치는 이날 바른미래당 호남계 의원들에게 공개 러브콜을 보냈다 창당준비기획단 조직위원장인 최경환 의원은 국회 의원회관에서 열린 연석회의에서 민주평화당 관망파와 무소속 세력 바른미래당 호남 세력에게 말한다 대안신당을 위해 어떻게 단결하고 통합할지 토론하자고 화두를 던졌다 그는 이어 바른미래당 불화 조짐이 가시화하는데 분화될 새 당의 노선은 자유한국당과 연대하는 보수 야당 노선이 분명하다 대안신당 운동에 박차를 가할 이유가 분명해졌다며 지리멸렬한 상태로 파편화해 무기력해질지 아니면 제3세력 결집에 나서 한국정치 재구성에 함께할지 고민해야 한다고 강조했다류호 기자 hohankookilbocom한국일보 페이스북 친구맺기 한국일보 홈 바로가기네이버 채널에서 한국일보를 구독하세요,2019-09-30,https://news.naver.com/main/read.nhn?mode=LSD&mid=shm&sid1=100&oid=469&aid=0000426746,2,0,0,5,0,2,한국일보
naver_news,노후경유차 12~3월 수도권 못달린다···고농도 예보땐 차량 2부제,서울경제 지난해 겨울 닥쳤던 최악의 미세먼지 대란을 막기 위해 오는 12월부터 내년 3월까지 수도권과 인구 50만명 이상의 도시에서 노후 경유차 운행을 전면 제한한다 이 기간에는 최대 27곳의 석탄화력발전소가 멈추고 민관 합동단속반이 드론과 이동차량을 이용해 불법배출 감시에 나선다30일 대통령 직속 국가기후환경회의는 이 같은 내용의 미세먼지 대책을 담은 제1차 국민정책제안을 공개했다 총 21개 단기 핵심과제로 구성된 제안들은 미세먼지 농도가 높아지는 12월부터 3월을 고농도 미세먼지 계절로 지정하는 계절관리제를 도입해 집중적인 저감조치를 실시하고 미세먼지 배출량을 전년 동기 대비 202만3000톤 이상 감축하는 것을 목표로 한다이는 5년간 미세먼지 358를 줄이겠다는 이전 계획보다 강화된 것이다 반기문 기후환경회의 위원장은 제안 내용이 지나치다고 말씀하실 분도 있을 것으로 예상하지만 사회적 재난인 미세먼지를 해결하려면 이 정도 대책이 필요하다고 말했다구체적으로 고농도 계절에 대상 도시 내 생계용을 제외한 배출가스 5등급 차량의 운행을 제한하고 고농도 주간예보가 있을 경우 차량 2부제도 병행한다 국내 미세먼지 배출량의 12를 차지하는 석탄발전소는 겨울철122월에는 914기를 봄철3월에는 2227기의 가동을 중단한다 가동되는 발전소도 출력을 80로 제한할 계획이다 이 밖에 정부 공공기관이 발주하는 100억원 이상의 건설공사장에서 노후 건설기계의 사용을 제한하고 학교나 병원 등 취약계층 이용시설 밀집지역을 미세먼지 집중관리구역으로 지정해 경유차 진입을 통제하는 등의 조치를 취한다 세종정순구기자 soon9sedailycom저작권자  서울경제 무단 전재 및 재배포 금지,2019-09-30,https://news.naver.com/main/read.nhn?mode=LSD&mid=shm&sid1=101&oid=011&aid=0003627122,0,0,0,6,0,0,서울경제
naver_news,삼성-LG '8K 화질 혈투'에···ICDM "개입·중재 않겠다",서울경제 삼성전자와 LG전자가 최근 8K TV 기술을 놓고 치열한 상호 비방전을 벌이는 가운데 화질 측정기구인 국제디스플레이계측위원회ICDM는 양사 간 분쟁에 직접 개입하지 않겠다는 뜻을 밝혔다 ICDM이 삼성전자와 LG전자 중 어느 한쪽의 손을 들어주는 대신 중립적인 입장을 표하면서 삼성LG 양측의 공방은 당분간 지속될 것으로 전망된다30일 업계에 따르면 ICDM은 우리는 기업들이 디스플레이표준평가기준IDMS 자료를 활용해 어떤 데이터를 내놓든 관련 이슈에 대해 개입중재하지 않는다고 밝혔다 ICDM은 또 IDMS의 조항에 따르면 우리는 디스플레이 화질 측정과 관련해 의무 값을 정하고 있지 않다며 그건 다른 표준기구들의 업무라고 덧붙였다ICDM은 디스플레이 업계의 최고 전문기구인 국제정보디스플레이학회SID의 한 분과로 세계 각국 전문가들이 모여 디스플레이 성능 측정 규격을 정하고 이를 업계에 제공하는 역할을 한다최근 LG전자가 삼성전자의 QLED 8K TV를 겨냥해 화질선명도CM가 ICDM이 정한 디스플레이표준평가기준IDMS인 50에 미달한다고 밝히면서 ICDM의 입장에 업계의 관심이 쏠렸다 LG전자는 삼성전자 QLED 8K TV의 화질선명도가 ICDM 기준치인 50 미만이므로 진정한 8K TV가 아니라고 주장했다 이에 삼성전자는 화질선명도 지표는 흑백 TV 시절에 쓰던 지표이므로 더 이상 유효하지 않다고 맞섰다이런 상황에서 ICDM은 측정 방식의 규격 및 기준을 제시할 뿐 이를 통해 측정한 결과치를 놓고 TV 등 제품 화질의 적합성 여부를 결정하거나 등급을 매기지 않는다는 뜻을 밝힌 것으로 풀이된다ICDM의 상위 기구인 SID도 삼성전자와 LG전자의 8K 논쟁에 대한 구체적인 입장을 밝히지 않으며 이 문제에 개입하지 않겠다는 원칙을 견지했다헬게 시첸 SID 회장은 SID는 새로운 제품의 성능을 측정하기 위한 공인된 글로벌 도구를 제공하고 있다면서 디스플레이 기술의 한계를 넘으려는 삼성과 LG의 노력에 대해 기쁘게 생각한다며 최근 논쟁에 대한 즉답을 피했다 그는 또 200여명의 전문가가 모여 올해 예정된 개정 절차에 따라 관련 조항을 업데이트하고 있고 그때까지는 현행 규격이 계속 적용될 것이라고 덧붙였다업계에서는 화질 측정 방식을 결정하는 ICDM과 SID가 8K TV 논쟁에 대한 뚜렷한 판단을 피하면서 삼성전자와 LG전자의 신경전이 당분간 계속될 것으로 보고 있다일단 ICDM이 화질선명도 50는 기준치가 아니라고 밝힌 점은 삼성 측에 유리하게 해석될 여지가 있는 부분이다 반면 최근 미국소비자기술협회CTA가 8K 로고 프로그램을 결정하면서 화질선명도 50 기준을 제시한 것은 LG 측의 손을 들어준 것으로 볼 수 있다는 분석이 나온다 이에 따라 자사에 유리한 부분만 집중적으로 부각시키는 삼성LG 양측의 신경전이 앞으로 더 격화될 가능성도 업계 일각에서 제기되고 있다업계의 한 관계자는 이번 분쟁에 어떤 판단을 내놓을지 기대를 모았던 ICDM이 삼성전자와 LG전자 어느 쪽의 손도 들어주지 않으면서 삼성 LG 양측의 소모전은 당분간 이어질 것으로 보인다며 하지만 양사의 비방전이 그들의 말처럼 과연 소비자들의 이익을 위한 것인지는 따져볼 필요가 있다고 지적했다디스플레이학회의 한 관계자는 QLED TV와 올레드 TV는 각각의 장단점이 있는 만큼 판단은 소비자와 시장에 맡기면 된다면서 양사 모두 소비자의 알 권리를 주장하지만 오히려 소비자들에게 혼동을 주는 게 아닌가 싶다고 꼬집었다 이재용기자 jyleesedailycom저작권자  서울경제 무단 전재 및 재배포 금지,2019-09-30,https://news.naver.com/main/read.nhn?mode=LSD&mid=shm&sid1=101&oid=011&aid=0003627123,0,0,0,0,0,0,서울경제
naver_news,홍남기 “일본 수출규제 이후 국내 기업 생산 피해 없다”,경제 분야 대정부 질문에 답변하는 홍남기  홍남기 경제부총리가 30일 오후 열린 국회 본회의에서 경제 분야 대정부질문에 답변하고 있다 2019930 연합뉴스 경제 분야 대정부 질문에 답변하는 홍남기  홍남기 경제부총리가 30일 오후 열린 국회 본회의에서 경제 분야 대정부질문에 답변하고 있다 2019930 연합뉴스서울신문홍남기 경제부총리 겸 기획재정부 장관이 일본의 수출규제 조치로 생산 능력에 피해를 본 기업이 없다고 밝혔다홍 부총리는 30일 국회 대정부질문에 출석해 일본의 백색국가화이트리스트 배제에 따른 정부 대책과 그에 따른 효과가 어떠하냐는 더불어민주당 정성호 의원의 물음에 파악한 바로는 소재부품장비의 공급 제한으로 실질적으로 기업의 생산 능력에 피해가 일어난 경우는 없다고 말했다홍 부총리는 다만 기업이 일본의 보복 조치로 인한 불안감과 어려움을 호소하는 것이 있어서 정부가 대응하고 있다고 덧붙였다그는 일본의 경제보복 조치로 정부는 기업의 피해를 최소화하고 단기적으로 수급 애로를 해소해주면서 기업 어려움을 지원하고 있다며 항구적으로는 소재부품장비 산업에 대한 경쟁력을 강화하는 조치를 추진하고 있다고 말했다오달란 기자 dallanseoulcokr 세상에 이런 일이클릭   무료만화  보기 서울신문wwwseoulcokr 무단전재 및 재배포금지,2019-09-30,https://news.naver.com/main/read.nhn?mode=LSD&mid=shm&sid1=101&oid=081&aid=0003032518,1,0,0,8,0,1,서울신문
naver_news,[단독] 삼성생명 모바일 대출도 뚫렸다 ①,동영상 뉴스한국경제TV 김보미 기자혹시 피싱앱이라고 들어보셨나요 스마트폰에 설치된 앱을 통해 개인정보를 빼가는 신종 보이스피싱 수법인데요이렇게 빼낸 정보로 국내 한 보험사에서 보험계약대출까지 받은 사실이 드러나 충격을 주고 있습니다김보미 기자의 단독 보도입니다피해자 A씨는 최근 삼성생명으로부터 보험계약대출이 이뤄졌다는 연락을 받고 깜짝 놀랐습니다나도 모르게 거액의 빚을 떠안게 됐기 때문입니다 A씨 피해자대출에 대해서 문의한 적도 없는데저는 모바일 대출이 이렇게 쉽게 되는지 자체를 몰랐다니까요 말도 안 되는 거에요피해자 A씨는 구매하지도 않은 50만 원 가량의 카드 결제내역 문자 한 통을 받고 확인 차 전화를 걸었다가 낭패를 보게 됐다고 말합니다개인정보가 유출된 것 같으니 보안앱을 설치해야 된다는 보이스피싱범의 말을 그대로 따른 것이 화근이었습니다보이스피싱범은 피싱앱을 통해 공인인증서 비밀번호 등 각종 금융정보를 빼냈고 피해자 명의로 모바일 보험계약 대출까지 받았습니다경찰에 신고된 또 다른 피해자는 같은 방식으로 보험사 두 곳에서 3건의 보험계약대출이 이뤄져 총 1억2천여만 원의 피해를 입었습니다전문가들은 피싱앱을 설치한 피해자에게도 과실이 있지만 보험사들도 대출 사실 확인을 보다 철저히 했어야 한다고 지적합니다 김상봉 한성대 교수삼성생명이 조금 더 다양한 채널을 통해 인증을 했었더라면대출 자체가 불완전 판매일 수도 있다라는 것이죠 그러면 일부분 배상을 해줘야되는 부분들이 생기는 겁니다금융회사 모바일 대출 앱의 보안성을 한층 강화해야 한다는 목소리도 나옵니다 고용진 더불어민주당 의원 정무위원회 소속피싱수법도 고도화되고 있고요 금융당국의 홍보도 필요하지만 금융기관들도 피해사례가 발생하지 않도록 보안성을 강화하는 것이 필요하다고 생각됩니다금융회사들은 피싱앱으로 인한 피해를 사전에 예방하는 것이 기술적으로 어렵다고 주장하지만 반드시 그렇지만은 않다는 게 전문가들의 의견입니다 김건우 안랩 엔진개발팀 팀장금융거래 진입 시 해당 리모트원격 앱이 동작하는 부분을 탐지하는 기능이라고 보시면 되겠습니다 악성앱이 탐지되면 금융거래를 막는 것이기 때문에이에 대해 삼성생명 측은 이미 완료된 대출계약이기 때문에 도의상 이자 정도를 면제해 주는 방법 이외에는 뾰족한 구제수단이 없다고 밝혔습니다한국경제TV 김보미입니다김보미 기자 bm0626wowtvcokr 한국경제TV 무단 전재 및 재배포 금지,2019-09-30,https://news.naver.com/main/read.nhn?mode=LSD&mid=shm&sid1=101&oid=215&aid=0000813241,0,0,0,0,0,0,한국경제
naver_news,경실련 “분양가상한제 폐지 후 서울 아파트 분양가 2억 가까이 뛰어”,윤순철왼쪽 경제정의실천시민연합 사무총장이 30일 오전 서울 종로구 경실련 강당에서 분양가상한제 폐지 이후 지방아파트 분양가에 대해 설명하고 있다 뉴스1 윤순철왼쪽 경제정의실천시민연합 사무총장이 30일 오전 서울 종로구 경실련 강당에서 분양가상한제 폐지 이후 지방아파트 분양가에 대해 설명하고 있다 뉴스1경실련 제공 경실련 제공과거 민간택지에 적용됐던 분양가상한제가 2014년 폐지된 이후 수도권과 지방 대도시 아파트 분양가가 1억원 가량 올랐다는 분석이 나왔다 서울의 경우 2억원 가까이 오른 것으로 조사됐다경제정의실천시민연합경실련은 30일 기자회견을 열고 2014년 12월 말 분양가상한제 폐지 이후 서울과 수도권 지방 대도시 등 모든 지역에서 분양가가 적정 수준보다 큰 폭으로 올랐다며 분양가상한제를 다시 도입해야 한다고 주장했다 앞서 참여정부 당시인 2007년 민간 아파트에서 분양가상한제가 도입됐지만 2014년 적용 요건을 까다롭게 하면서 사실상 제도가 사문화됐다경실련이 주택도시보증공사HUG로부터 자료를 제공받아 분석한 결과에 따르면 분양가상한제가 폐지되기 직전인 2014년 12월 전국 아파트 분양가는 33당 858만원이었지만 올해 7월에는 1170만원으로 36나 뛰었다지역별로는 서울의 33당 분양가가 2014년 말 2027만원에서 올해 7월 2662만원으로 31 올랐다 이를 9930평로 환산하면 1억9000만원이나 오른 셈이다 30평 아파트를 기준으로 대구 역시 분양가가 1억8000만원 올랐고 광주는 1억4000만원 경기ㆍ부산은 1억1000만원 대전 1억원 세종 9000만원 인천 8000만원 울산 2000만원 증가했다연평균 전국 분양가 상승률은 8 대구는 16 광주는 13 수준이다 경실련은 같은 기간 연평균 물가 상승률 13 가구당 소득 상승률 2와 비교하면 이러한 분양가 상승이 얼마나 비정상적인지 알 수 있다고 지적했다경실련은 분양가상한제가 있었다면 아파트 분양가가 현재의 절반 수준에 머물렀을 것이라고 분석했다 현재 부산 대구 대전 광주 등 4개 지방 대도시 아파트에서 실제 입주자를 모집할 때 분양가는 331평당 1592만원이었는데 택지비와 기본형건축비 등을 제한한 분양가상한제를 적용할 경우 적정 분양가는 781만원이라는 것이다경실련 관게자는 분양가상한제 폐지 이후 분양가가 급등하며 신규 분양과 기존 집값이 서로를 견인하는 악순환이 이어졌다며 국회가 분양가상한제 전면 확대를 위한 법 개정에 나서야 한다고 강조했다허경주 기자 fairyhkjhankookilbocom한국일보 페이스북 친구맺기 한국일보 홈 바로가기네이버 채널에서 한국일보를 구독하세요,2019-09-30,https://news.naver.com/main/read.nhn?mode=LSD&mid=shm&sid1=101&oid=469&aid=0000426753,0,0,0,0,0,0,한국일보
naver_news,현대미포조선 노조, 간부 파업 확정…22년 무파업 신화 깨지나,현대미포조선현대미포조선 제공 재판매 및 DB금지 현대미포조선현대미포조선 제공 재판매 및 DB금지노조 임금교섭 4개월이 지났는데 사측 제시안 없어회사 경영환경 악화해 노조 만족할 제시안 어려워울산연합뉴스 김근주 기자  올해 임금협상에서 난항을 겪는 현대미포노조가 확대간부 중심으로 다음 달 2일 파업에 들어간다이 회사 노조 간부들이 파업한 것은 1996년이 마지막이며 이후 처음이다노사는 30일 울산 본사에서 23차 교섭을 열었다노조는 앞서 이날 교섭에서 회사가 별다른 제시안을 내놓지 않으면 예정대로 파업하겠다고 밝힌 바 있다이날 교섭에서 회사는 노조가 제기한 고용 불안 문제 등에 대한 입장을 표명했을 뿐 사실상 별다른 안을 제시하지 않았다노조는 향후 교섭 일정을 잡지 않고 돌아섰다노조 관계자는 수년간 임금 동결과 다름없는 수준을 노조가 감내해 왔는데 회사가 이를 무시하고 올해 교섭을 불성실하게 하고 있다며 교섭 4개월이 지나도록 임금 관련 내용을 아예 듣지도 못했다고 말했다노조는 회사가 올해 상반기에만 지난해 대비 39 상승한 580억원 영업이익을 달성했는데도 내년 경기 하락을 우려해 임금 부분을 제시하지 못하는 것은 받아들일 수 없다는 입장이다노조는 예고한 대로 10월 2일 확대간부 100여명가량이 참여하는 부분 파업에 들어갈 방침이다다만 현재 북상 중인 태풍이 직접 영향을 미치면 파업을 연기할 가능성도 있다이후에도 회사가 교섭안을 제시하지 않으면 10월 11일 전 조합원이 참여하는 부분 파업에 돌입할 계획이다전 조합원이 파업하면 지난해까지 22년을 이어온 무파업 신화가 깨진다노조는 이달 35일 전체 조합원 2천114명을 대상으로 파업 찬반투표를 벌였으며 재적 대비 5998 찬성으로 가결했다중앙노동위원회는 16일 조정 중지 결정을 내려 노조는 합법 파업할 수 있다이에 대해 회사는 최근 대내외 경영환경이 급격히 악화해 노동조합이 만족할 만한 수준의 제시안 마련이 현재로서는 어렵다며 우선 노조에서 요구한 고용안정과 현안 등에 대해 회사 입장을 전달했으며 앞으로도 노사 간 입장차를 최대한 좁혀 나가겠다고 밝혔다cantoynacokr,2019-09-30,https://news.naver.com/main/read.nhn?mode=LSD&mid=shm&sid1=102&oid=001&aid=0011112474,0,0,0,0,0,0,연합뉴스
naver_news,檢내부 불만 최고조...수사 속도 내나,서울경제 검찰이 문재인 대통령의 강도 높은 비판에 조국 법무부 장관 수사에 속도를 내기로 가닥을 잡고 막바지 수사력 집중에 박차를 가하기 시작했다 검찰이 검찰 개혁을 가로막기 위해 조 장관에 대한 대대적인 수사를 통해 저항하려는 이미지로 부각되는 프레임이 확산되면 수사에 걸림돌로 작용할 수 있어 대통령의 발언에 구애받지 않고 법과 원칙에 따라 수사 속도를 내 명분에 밀리지 않겠다는 속내다이를 위해 수사팀은 조 장관의 배우자 정경심 동양대 교수의 소환조사를 서두르고 사건 관련자들을 줄소환하며 준비에 박차를 가하는 분위기가 감지되고 있다 검찰은 사모펀드의 실제 오너 의혹을 받는 조 장관의 5촌 조카 조범동씨의 구속 기한인 10월3일 전에 정 교수를 부를 것으로 보인다 정 교수는 사모펀드와 입시비리 의혹의 중심에 있는 만큼 두 차례 이상 조사를 받을 것이라는 관측이 나온다이처럼 검찰의 발걸음이 빨라지는 것은 검찰에 대한 문 대통령의 비판이 더욱 거세지는 데 대한 반발 심리로 보인다 실제 문 대통령이 검찰의 수사 관행에 개선이 필요하다며 개혁방안을 마련해달라고 한 것과 관련해 검찰 내부에서는 조 장관 수사에 대한 압박의 연장 선상에 있다는 반응이 나온다 검찰 구성원 일부는 상당한 불만을 느끼면서도 말조심을 하며 조 장관에 대한 수사 결과를 기다려보자는 분위기다30일 법조계에 따르면 대검찰청은 이날 법무부 업무보고에서 나온 대통령 말씀에 대해 별도의 입장을 내놓지 않았다 이는 지난 27일 청와대 대변인을 통해 대통령이 검찰 개혁을 요구하는 목소리가 높아지고 있는 현실에 검찰은 성찰해주기를 바란다고 메시지를 낸 데 대해 1시간 30분여 만에 헌법 정신에 입각해 엄정히 수사하겠다는 입장을 표명하며 수사 강행 의지를 드러낸 것과 대비된다검찰 수뇌부는 대통령이 검찰 개혁 방안을 직접적으로 요구한 만큼 구체적인 추진 방향과 방식을 담은 입장을 낼 필요가 있다고 판단한 것으로 보인다 이날 문 대통령은 검찰권 행사의 방식이나 수사 관행 또 조직문화 등에 있어서는 개선이 부족하다는 지적이 많다며 검찰의 부족함을 비판했다 이어 검찰총장에게도 지시한다며 국민으로부터 신뢰받는 권력기관이 될 수 있는 검찰개혁 방안을 조속히 마련해 제시해달라고 요구했다검찰 내외부에서는 문 대통령의 발언을 검찰 개혁 방안 마련 요구를 넘어 조 장관 수사에 대한 우회적인 압박이자 개입으로 해석하는 게 중론이다 검찰 수사가 정점으로 다가갈수록 점점 더 발언이 잦아지고 수위가 높아지고 있기 때문이다 검찰의 한 관계자는 조 장관에 대한 수사 외에는 검찰에서 겉으로 드러난 움직임이 없는데 연일 비판이 이어지고 있다며 수사가 조 장관 일가에 근접하면서 점점 더 개입 수준이 높아진다는 느낌을 지우기 어렵다고 했다정권 지지층들이 검찰을 적폐 세력이자 개혁 대상으로 규정하는 가운데 대통령도 이에 동조하는 발언을 했다는 점에서 검찰 내부의 불만도 커지고 있다 다만 당장 이러한 불만을 표출하기보다는 일단 수사 결과를 기다려보자는 입장이 많다 청와대와 여당뿐 아니라 시민사회가 행동에 나선 만큼 흠이 잡히지 않으려면 더욱더 말조심해야 하는 분위기이기 때문이다 수도권의 한 부장검사는 일선 검사들은 법원이 압수수색 등 여러 영장을 발부한 만큼 혐의가 없지는 않다고 본다며 다만 바깥의 비판처럼 수사팀이 수사를 했는지 아닌지는 뚜껑을 열어봐야 알기에 결과를 보고 판단하자는 입장이라고 전했다 조권형기자 buzzsedailycom저작권자  서울경제 무단 전재 및 재배포 금지,2019-09-30,https://news.naver.com/main/read.nhn?mode=LSD&mid=shm&sid1=102&oid=011&aid=0003627134,29,0,0,4,0,8,서울경제
naver_news,고유정 “사체 훼손, 은닉 미친짓…제정신 아니었다”,연합 연합헤럴드경제한영훈 기자 전 남편 살해 혐의로 재판을 받고 있는 고유정36이 우발적으로 살인을 저질렀다고 주장한 데 이어 사체 훼손 및 은닉에 대해서는 제정신이 아닌 상태에서 저지른 범행이었다고 주장했다제주지방법원 제2형사부정봉기 부장판사는 30일 오후 2시 제201호 법정에서 살인 및 사체손괴 은닉 등의 혐의로 구속기소된 고유정을 상대로 4차 공판을 열었다이날 고유정은 자신의 자리에 앉아 교도소에서 모두진술을 위해 직접 작성한 A4용지 8장을 20여 분간 읽어내려 갔다그는 피해자인 전 남편 강모씨36가 자신을 성폭행하려고 했다고 주장했다고유정은 이어 자신이 저지른 살인이 우발적 범행이라는 주장을 했다 살인에 대해서는 우발적 범행 주장을 이어간 고씨는 자신이 저지른 사체 훼손 및 은닉에 대해 나쁜 행위에 이르게 됐고 미친짓이었다고 말했다사건 직후 상황에 대해 누구에게도 도움을 청할 수 없었다 인생이 끝난 느낌이었고 죽으려고 생각했다고 주장했다이어 어차피 죽은 목숨이었고 제정신이 아닌 상태에서 작년 가을에 사놓은 도구가 생각났다며 사체를 훼손한 이유를 설명했다고씨는 지난 5월 제주시 조천읍의 한 펜션에서 전남편 강씨를 흉기로 찔러 살해한 혐의를 받는다 이 사건과 별개로 의붓아들 의문사 사건을 수사한 청주 상당경찰서는 고씨가 의붓아들인 B군을 살해한 것으로 잠정 결론 내렸다glfh2002heraldcorpcom Copyrights  헤럴드경제  heraldbizcom 무단 전재 및 재배포 금지 ,2019-09-30,https://news.naver.com/main/read.nhn?mode=LSD&mid=shm&sid1=102&oid=016&aid=0001585054,0,0,0,6,0,0,헤럴드경제
naver_news,서울교통공사 일반직전환 15%가 친인척 "사장, 해임 등 조치" vs 서울시 "동의 못해…재심 청구",정부는 30일 서울교통공사 등 5개 공공기관의 비정규직 채용 및 정규직 전환 실태에 대한 감사원 감사의 후속조치를 신속하고 엄정하게 진행하겠다고 밝혔다 연합뉴스강태웅 서울시 행정1부시장이 30일 오후 서울시청 브리핑룸에서 서울교통공사 채용비리의혹 감사원 감사에 대한 서울시 입장을 발표하고 있다 뉴시스서울교통공사 등 공공기관의 친인척 채용비리 의혹이 감사원 감사를 통해 상당 부분 사실로 드러났다재직자의 친인척이 비정규직 또는 무기계약직으로 채용됐다가 2017년 이후 정부 및 서울시 정책에 따라 정규직일반직으로 전환한 사례가 대거 확인된 것이어서 큰 파장이 예상된다친인척의 추천이나 청탁으로 면접만 거쳐 채용되는 등 불공정 경로를 통해 입사한 사람까지도 여과없이 정규직으로 전환되는 등 정규직 전환 과정에서의 총체적 문제점이 드러났다는 지적이 나온다감사원은 서울교통공사 등 5개 기관을 대상으로 실시한 비정규직 채용 및 정규직 전환 등 관리실태 감사 결과를 30일 공개했다이번 감사는 지난해 국감에서 서울교통공사 친인척 채용비리 의혹이 불거지면서 지난해 10월 서울시장과 서울교통공사 사장이 공익감사를 청구해 이뤄졌다감사 대상에는 의혹이 제기된 기관 가운데 정규직 전환 규모가 큰 인천국제공항공사 한국토지주택공사 한전KPS주식회사 한국산업인력공단 등도 포함됐다감사 결과 5개 기관의 정규직 전환자 3048명 가운데 109333명가 재직자와 4촌 이내 친인척 관계로 확인됐다 특히 서울교통공사의 경우 일반직 전환자 1285명 중 149192명가 재직자와 친인척 관계였다 여기에 자회사 재직자와 최근 10년간 전적자퇴직 후 위탁업체 등에 취업한 사람 최근 3년간 퇴직자까지 포함하면 이들과 친인척 관계인 일반직 전환자는 191246명에 달한다나머지 4개 기관의 경우 정규직 전환 완료자 중 재직자 친인척 비율이 인천국제공항공사 3332명 한국토지주택공사 6993명 한전KPS주식회사 16339명 한국산업인력공단 437명이었다앞서 정부는 2017년 7월 공공부문 비정규직 근로자 정규직 전환 가이드라인을 발표했고 서울시는 자체적으로 무기계약직 제로0화 정책을 발표했다정부의 비정규직 정책은 비정규직기간제 파견용역을 정규직무기계약직으로 전환하는 것이지만 서울시 정책은 무기계약직을 일반직으로 전환하는 독자적인 정책이다 무기계약직과 일반직은 모두 정규직으로 고용 기간에 차이가 없지만 임금이나 승급체계 등 처우가 다르다이들 5개 기관의 정규직일반직 전환자 가운데 해당 정책이 발표된 이후 입사자는 포함되지 않았으나 애초 비정규직 또는 무기계약직으로 채용되는 과정에서 상당수 문제가 있었던 것으로 확인됐다다시 말해 각 기관이 불공정한 채용 과정을 통해 고용됐던 사람들이나 근무태만자 등 부적격자마저도 정규직일반직으로 전환해준 것이다서울교통공사의 경우 기존 직원의 추천으로 면접만 거쳐 채용된 친인척 등 45명 아무 평가 없이 채용된 사망 직원의 유가족 1명 등 46명을 일반직으로 전환했다또한 2016년 서울교통공사가 위탁업체 직원을 직접고용하는 과정에서 위탁업체 청탁 등을 통해 불공정하게 채용된 기존 직원의 친인척이 총 15명인데 이중 퇴사한 1명을 제외하고 14명이 모두 일반직으로 전환됐다감사원은 감사 결과를 토대로 서울시장에게 인사 업무를 부당하게 처리한 서울교통공사 사장을 해임 등 조치하라고 통보하는 한편 관련 업무를 철저히 하라고 주의를 요구했다서울교통공사의 무기계약직 일반직 전환 정책에 문제가 있었다는 감사원의 감사 결과가 나왔다서울시는 구체적 위법성이나 명확한 부당성의 사실관계에 해당하지 않는 문제이기 때문에 동의할 수 없다고 강력 반발하면서 재심의를 청구하기로 했다30일 감사원과 서울시에 따르면 감사원은 서울교통공사 무기계약직의 일반직 전환정책 시행방안 수립이 부적정하고 일반직 전환 업무도 부당 처리했다고 지적했다그러나 시는 감사원의 지적에 조목조목 반박하면서 사실관계가 다르다고 주장했다시는 이번 감사원 감사결과 중 일반직 전환과 관련된 서울시의 시행방안 수립 부적정에 관한 지적과 서울교통공사의 일반직 전환 업무 부당 처리에 대한 지적은 잘못된 사실관계와 비정규직의 정규직화라는 시대적역사적 과제에 대한 이해부족에 기반한 것이라며 공사의 정규직 전환과정 자체에 문제가 있는 것처럼 지적한 부분에 대해 깊은 아쉬움과 유감을 표한다고 밝혔다특히 시는 민간위탁업체의 이사나 그 노조위원장에게 청탁해 민간위탁사에 불공정한 경로를 통해 15명 입직 또 다른 46명이 불공정 경로로 입직 일반직 전환자 중 징계 처분자 등까지 일반직 전환 7급보의 7급 승진 기간동안 결원 발생 시 기간제를 퇴직자 우선으로 채용 등에 대해선 구체적 위법성이나 명확한 부당성의 사실관계에 해당하지 않는 문제로 동의할 수 없다고 말했다시는 감사원이 민간위탁업체의 이사나 그 노조위원장에게 청탁해 민간위탁사에 불공정한 경로를 통해 입직했다고 지적한 15명에 대해선 정당한 과정을 통해 정규직화 됐다며 시는 2016년 5월28일 구의역 사고 이후 같은 해 6월15일 지하철 안전업무 직영전환 계획을 통해 민간위탁사의 안전업무직 직영화를 발표했다 감사원에서 불공정한 경로를 통해 입직한 사례로 제시한 15명은 그 이전에 민간위탁사에 입사한 직원이다 특혜 대상으로 규정할 수 없다고 설명했다이어 민간위탁사 친인척 대상자 21명 중 채용면접 과정을 통해 15명만 채용되고 6명은 탈락되는 등 정당한 채용절차를 통해 공사 무기 계약직으로 전환된 것이라며 단지 공사 직원의 친인척이라는 이유 자체가 불공정이 될 수는 없다 명백한 법령 위반 등의 합리적인 이유 없이 채용을 배제하는 것은 헌법 국가인권위원회법 고용정책기본법에 따라 평등권 침해와 차별행위에 해당한다고 꼬집었다시는 불공정 경로 입직의 또 하나의 사례로 지적한 46명과 관련해선 지난 1995년2006년 채용돼 기간제로 근무해온 직원들이다 일반직 전환 과정의 문제는 없다며 비정규직 정규직화 정책 이후 무기 계약직 일반직으로 단계적으로 전환됐다 이 전환은 법 위반이 아니고 채용과정 자체가 적절하지 않은 것도 아니다라고 말했다시는 단지 감사원이 무기 계약직을 일반직으로 전환하는 데 별도의 절차가 필요하다는 전제를 하면서 이를 불공정으로 판단했다며 서울시는 무기 계약직이라는 제도 자체를 없애 동일노동 동일임금을 실현하고자 했는데 감사원은 그 정책판단 자체를 문제 삼은 것이라고 반박했다시는 또 일반직 전환자 중 징계 처분자 등까지 일반직으로 전환하는 것은 잘못이라는 부분에 대해선 공사의 일반직 전환은 불합리한 노동구조를 개선하기 위해 무기 계약직을 일괄 정규직화 한다는 정책적 판단에 따른 것으로 징계처분자의 비위정도가 정규직 전환과정에 있어서 제외할 정도는 아니었다며 징계를 인사관리에 반영하는 등의 조치는 별건으로 하더라도 공사 노사협의에 따른 징계처분자의 일반직 전환자체가 위법의 문제는 될 수 없다고 밝혔다시는 7급보의 7급 승진 기간동안 결원 발생 시 기간제를 퇴직자 우선으로 채용했다는 감사원의 지적에 대해서도 반박했다서울교통공사는 일반직 전환과정에서 합리적인 차이를 두기 위해 3년 미만 경력자를 7급보로 운영해 7급으로의 단계적인 전환을 추진했다 7급보가 해소되는 기간 동안 정년퇴직 등으로 발생하는 인원 결원에 대해선 안전 업무 공백이 없도록 6개월최대 1년간 기간제로 공개채용 했다시는 일반직 7급으로 신규 채용할 경우 기존 7급보와 직급 역전현상을 해소하기 위한 경영상의 합리적인 판단과 노사합의로 이루어진 사항이다 이를 문제 삼는 것은 적절치 않다며 다만 채용과정에서 경력 기술력 철도면허 등 안전 업무에 필요한 자격을 요구함에 따라 외부 응시자보다 안전업무에 근무한 퇴직자가 다수 채용된 것이지 퇴직자를 우선으로 채용하기 위해 특혜를 제공한 것은 아니다라고 강조했다시는 위법성이 드러나지 않았는데도 문제라고 지적한 감사 결과에 대해서는 재심의를 청구할 계획이다시 관계자는 감사원의 이번 감사는 서울교통공사에 친인척 채용비리가 없었다는 점을 확인해 주긴 했지만 일반직 전환 과정을 지적하는 내용도 대거 포함됐다며 서울교통공사는 구의역 김군 사고 이후 외주화했던 직군 종사자들을 무기계약직으로 직고용하면서 채용절차를 거쳐 이미 선별했고 일반직 전환은 채용 절차를 거쳐 입사해 정년이 이미 보장된 무기계약직을 차별을 없애는 차원에서 일반직으로 전환한 절차일 뿐이라고 말했다그는 감사원은 자의적 판단으로 일반직 전환 과정에 문제가 있는 것처럼 지적했다며 서울시는 정작 친인척 채용비리는 안 나왔지만 일반직 전환 과정에서 문제가 있는 것으로 감사원 감사결과가 발표됨에 따라 채용비리가 있는 것처럼 비춰질 수 있어 우려된다고 비판했다김경호 기자 stillcutsegyecom 세상을 보는 눈,2019-09-30,https://news.naver.com/main/read.nhn?mode=LSD&mid=shm&sid1=102&oid=022&aid=0003401544,0,0,0,3,0,0,세계일보
naver_news,11시간 압색 중 짜장면? 실제론 6시간, 식사도 조장관 가족이 권했다,28일 서울 서초구 서초동 중앙지검 앞에서 열린 검찰 개혁 촛불 문화제에서 참석자들이 구호를 외치고 있다 연합뉴스 28일 서울 서초구 서초동 중앙지검 앞에서 열린 검찰 개혁 촛불 문화제에서 참석자들이 구호를 외치고 있다 연합뉴스팩트체크 서초동 928 촛불의 발화점 진실은28일 서울 서초동 대검찰청 앞에서 열린 대규모 촛불 집회의 외침은 분명했다 조국 살리기가 아닌 검찰개혁의 울림이 검찰청을 포위했다 분노한 민심은 이 기회에 검찰을 뿌리부터 개혁해야 한다면서 조국 법무부 장관을 향한 윤석열 검찰의 과도한 수사관행을 직접 겨냥했다 특히 시민들은 11시간 동안의 장관 자택 압수수색과 이른바 짜장면 논란 등에 격분했다 여성만 두 분조 장관 부인 정경심 교수와 딸 있는 집에 많은 남성들이 11시간 동안 뒤지고 식사를 배달해 먹는 것은 과도했다는 이낙연 국무총리의 대정부질문 발언은 분노의 발화점을 분명히 가리키고 있었다그러나 30일 압수수색 현장에서 확인된 취재와 검찰과 조 장관 측의 설명 등을 종합하면 이 총리가 지적한 세가지 대목은 각각 사실 오인 확대 해석 부분 인용되면서 증폭된 것으로 보인다 구태를 벗어나지 못한 검찰의 수사관행도 문제였지만 믿고 싶은 팩트에만 눈길을 주는 확증편향이 거대한 분노로 표출된 셈이다우선 논란의 시발점이 된 여성 두 분은 사실 오인이다 압수수색 당일 조 장관 집을 다녀온 배달원이 집에 중년여성 한 명 젊은 여성 한 명이 있었다고 취재진에게 답한 뒤 온라인 공간에서 마치 사실처럼 번져 나갔다 하지만 검찰과 조 장관 측 설명을 종합하면 당시 장관 자택에는 조 장관의 아들도 있었으며 압수수색이 본격적으로 시작될 때는 조 장관 측 여성 변호사 한 명을 포함 총 세 명의 변호인이 더 포진했다 압수수색을 집행한 검찰 관계자 역시 6명 중 2명이 여성이었다 압수수색에 양 측이 각각 6명씩 참가했고 이 중 여성만 총 5명이었다는 얘기다이해찬 더불어민주당 대표 등이 강조했던 11시간의 무리한 압수수색은 확대 해석으로 파악된다 압수수색을 위해 검찰 측이 조 장관 집에 머문 시간이 총 11시간이었을 뿐 온전히 압수수색을 진행한 시간은 6시간에 불과하기 때문이다 검찰 측과 조 장관 변호인 등의 말을 종합하면 압수수색 영장 제시 직후 조 장관 측 요구로 변호사가 도착할 때까지 기다린 시간과 양 측의 점심 식사에 1시간이 소요됐고 압수물 범위 문제로 두 차례에 걸쳐 추가 영장을 청구해 받는 데만 4시간이 걸렸다 전직 검찰 수사관은 법이 바뀌어 컴퓨터를 들고 갈 수 없기 때문에 6시간도 대부분 하드디스크 내 필요 자료를 특정하고 이미징복사하는 데 썼을 것이라며 통상 자택 압수수색이 반나절에 끝나는 점을 고려하면 변호사가 3명 있고 영장이 두 번이나 청구된 게 더 이례적이라고 지적했다짜장면 식사는 촌극에 불과했다 압수수색 당일 오후 2시30분 철가방을 든 배달원이 조 장관 집에 들어가는 것이 포착됐다 이에 보수 유투버들은 오토바이 바구니에 있던 중국집 전단지 등을 본 뒤 짬뽕 냄새가 난다고 방송을 했고 이를 종합편성 방송에서 짜장면 배달이라고 특정해 재송출했다 두 오류가 합쳐져 파생된 검찰이 압수수색을 하다 짜장면을 시켜먹었다는 소문은 순식간에 온라인을 흔들었다 그러나 당시 실제로 배달된 음식은 한식이었으며 이 역시 검찰 쪽이 안 드시면 우리도 못 먹는다는 조 장관 가족들의 권유로 가능했던 일이었다 검찰이 조 장관 가족을 압박하기 위해 일부러 식사를 집에서 시켜 먹은 것은 아니었다는 뜻이다검찰은 사실 확인 없이 퍼진 소문에 억울함을 거듭 호소했다 그러나 법조계 안팎에선 국민적 관심이 모인 수사인 만큼 수사팀이 좀 더 준비를 충실히 했어야 했다는 지적이 이어진다 검찰 출신 변호사는 아무리 돌발 상황이었다 하더라도 압수수색팀이 미리 식사할 것을 챙겨간다거나 최소 인원만 집안에 두고 나와서 식사를 해야 했다며 뒤늦은 해명이 오히려 여러 의심을 키운 건 사실이라고 지적했다정재호 기자 next88hankookilbocom최동순 기자 dosoolhankookilbocom한국일보 페이스북 친구맺기 한국일보 홈 바로가기네이버 채널에서 한국일보를 구독하세요,2019-09-30,https://news.naver.com/main/read.nhn?mode=LSD&mid=shm&sid1=102&oid=469&aid=0000426752,3,0,0,75,1,7,한국일보
naver_news,'미탁', 강한 중형급 태풍으로 발달…개천절 우리나라 강타할 듯(종합),제18호 태풍 미탁이 우리나라 미치는 영향 기상청 제공 제18호 태풍 미탁이 우리나라 미치는 영향 기상청 제공제18호 태풍 미탁북상수원연합뉴스 홍기원 기자  제18호 태풍 미탁이 북상하고 있는 30 오전 경기도 수원시 권선구 수도권기상청에서 관계자들이 태풍 경로 등 기상 상황을 살펴보고 있다 2019930 xanaduynacokr 제18호 태풍 미탁북상수원연합뉴스 홍기원 기자  제18호 태풍 미탁이 북상하고 있는 30 오전 경기도 수원시 권선구 수도권기상청에서 관계자들이 태풍 경로 등 기상 상황을 살펴보고 있다 2019930 xanaduynacokr최대 600 비시속 162 강풍 예상서울연합뉴스 김승욱 권선미 기자  제18호 태풍 미탁이 개천절인 10월 3일 우리나라를 강타할 것으로 보인다기상청에 따르면 미탁은 30일 오후 3시 현재 대만 타이베이 남남동쪽 약 290 바다에서 시속 22로 북쪽으로 이동하고 있다미탁의 중심기압은 970hPa헥토파스칼 중심 부근 최대 풍속은 초속 35ｍ시속 126다 초속 15ｍ 이상 강풍이 부는 반경은 320다이날 오전 중간 강도의 중형급이던 미탁은 고수온 해역을 지나면서 강한 중형급으로 세진 상태다미탁은 10월 1일 새벽 대만을 스치듯이 지난 뒤 중국 본토에 상륙해 10월 2일 오전 3시께 상하이 남쪽 약 210 육상에 있을 것으로 보인다이후 북동쪽으로 진행 방향을 틀어 점차 한반도를 향해 북상해 10월 2일 밤부터 3일 새벽 사이 제주도 서쪽 바다를 지나 3일 오전 전남 해안으로 상륙할 것으로 기상청은 내다봤다태풍은 점차 북동진하면서 남부지방을 통과해 10월 3일 밤부터 4일 새벽 사이 동해에 진출할 것으로 전망된다1994년 10월 세스 2016년 10월 차바 2002년 7월 라마순과 유사한 경로다기상청은 미탁이 제주도 남쪽 해상에 접근할 때는 중간 강도의 소형 태풍으로 현재보다 세력이 다소 약할 것으로 예상되지만 전국이 여전히 강한 비바람의 영향권에 들 것으로 보인다며 주의를 당부했다태풍이 접근하면서 이날 오후 제주도와 남해안에는 가끔 비가 오겠다 10월 2일 오후에는 남부지방과 충청도 밤에는 전국으로 비가 확대돼 3일까지 이어질 것으로 보인다태풍이 동해로 빠져나감에 따라 10월 4일 서쪽 지방을 시작으로 비는 점차 그칠 것으로 예상된다10월 13일 예상 강수량은 제주도가 150300인 가운데 이 지역 산지에는 600 이상 기록하는 곳도 있을 것으로 보인다남부지방과 강원 영동은 100200로 예보됐다 다만 지리산 부근에는 10월 3일까지 400 이상 강원 영동과 경북 북부 동해안에는 4일까지 300 이상을 기록하는 곳도 있을 전망이다강원 영동을 제외한 중부지방의 10월 13일 예상 강수량은 3080다기상청은 제주도와 지리산 부근 동해안을 중심으로 시간당 3050 이상 매우 강한 비가 내리는 곳이 있을 것이라고 예상했다10월 14일 제주도와 남해안 서해안을 중심으로 최대 순간 풍속이 초속 3545ｍ시속 126162 이상 매우 강한 바람이 불고 그 밖의 지역에서도 초속 1530ｍ시속 54108 강풍이 불 곳으로 예보됐다10월 1일에는 제주도 모든 해상과 남해상서해 남부 해상 24일에는 모든 해상에 강풍이 불고 최고 79ｍ 이상 매우 높은 파도가 일 것으로 보인다특히 10월 2일 새벽에는 천문조로 인해 바닷물이 높은 상황에서 태풍 영향으로 물결이 높아져 서해안과 남해안에는 파도가 방파제를 넘을 가능성이 매우 크다기상청은 최근 타파로 이미 피해를 본 제주도와 남부지방 동해안은 미탁으로 인한 피해가 더 클 수 있으니 철저히 대비해야 한다고 당부했다미탁은 북태평양 고기압 가장자리를 따라 북상하고 있다 따라서 북태평양 고기압 세력이 강해져 가장자리가 서쪽으로 확장할 경우 태풍 이동 경로가 다소 서쪽으로 바뀔 가능성이 있다이 가능성이 현실화하면 미탁의 한반도 상륙 지역이 현재 예상보다 북쪽으로 변경돼 중부지방이 현재 전망보다 태풍 영향을 많이 받을 것으로 보인다ksw08ynacokr fortunaynacokr,2019-09-30,https://news.naver.com/main/read.nhn?mode=LSD&mid=shm&sid1=103&oid=001&aid=0011112395,3,0,2,35,0,4,연합뉴스
naver_news,일본 대신 국내로…'호캉스' 떠난 사람들,호캉스 사진인터콘티넨탈 서울 파르나스 호캉스 사진인터콘티넨탈 서울 파르나스머니투데이 유승목 기자 문화체육관광부 한국호텔업협회 8월 주요 지역 관광호텔 조사객실이용률 799 전년 比 34여름 휴가철 일본여행 보이콧의 반사이익이 국내 호텔로 향했다 불매운동 효과가 본격화한 8월 한 달 동안 여행객들이 호캉스호텔바캉스를 노리고 호텔로 발길을 돌리면서 국내 관광호텔의 객실이용률이 상승한 것으로 나타났다30일 문화체육관광부가 서울과 제주 부산 등 국내 주요지역에 위치한 15성급 관광호텔 200곳을 대상으로 8월 운영 현황을 조사한 결과 전년 동월 대비 객실이용률과 객실판매단가 외국인 판매객실비율이 모두 상승했다고 밝혔다조사 결과에 따르면 전체 평균 객실이용률은 799로 지난해보다 34 2017년 8월보다 8 상승했다 특히 5성급 특급호텔의 객실이용률이 848로 모든 성급에서 가장 높게 나타난 점이 눈에 띈다 지난해보다 58 높아진 수치다이는 호캉스호텔바캉스 트렌드가 보편적인 여가문화로 자리잡았기 때문이라는 설명이다 비용부담은 있지만 이동시간이 짧고 서비스 수준이 높은 데다 수영장 등 다양한 부대시설이 마련돼 있어 선호도가 높아졌다는 것이다5성급에 이어 고급호텔로 분류되는 4성급 호텔도 83로 높은 이용률을 기록했고 3성급 호텔도 789로 80에 육박했다 두 성급 모두 지난해보다 객실 이용률이 각각 36 13 상승했다이용률 증가로 객실 판매단가도 오름세를 보였다 평균 객실 판매단가는 13만1251원으로 지난해와 비교해 41 상승했다 최근 수년 새 호텔공급 증가로 객실 판매단가가 떨어져 운영에 어려움을 겪는 호텔이 늘고 있다는 지적을 감안하면 긍정적인 결과다 객실 총매출액도 996억 원으로 909억 원을 기록한 지난해보다 96 2017년과 비교하면 151 증가해 전반적인 호텔 운영지표가 개선됐다이 같은 결과는 호캉스 트렌드 확산과 함께 일본여행 불매운동으로 국내관광 수요 증가 효과가 맞물렸기 때문으로 풀이된다 지난 7월 촉발한 한일갈등으로 일본여행 수요가 급감했는데 이에 대한 반사이익을 받았다는 것이다 일본은 지난해에만 우리 국민 750만 명이 방문했을 만큼 휴가철 최고 인기 여행지로 꼽히지만 일본정부관광청JNTO에 따르면 올해는 8월 방일 한국인 여행객은 30여만 명으로 전년 대비 48나 감소했다실제 호텔 이용객 비중을 살펴보면 전체 객실이용률이 34 늘은 반면 외국인 판매객실비율은 463로 지난해 8월보다 04 증가하는데 그쳤다 평소보다 내국인 이용객이 몰리며 전반전인 객실이용률 증가를 이끌어낸 것이다한국호텔업협회 관계자는 내국인 관광객들이 8월 휴가철에 호캉스를 즐기기 위해 45성 고급 호텔을 찾는 경우가 많아졌고 이에 대응해 주요 호텔들이 각종 패키지 상품을 내놓은 것이 이용률 증가를 이끌어냈다며 일본 수출규제 이후 일본여행 수요 중 일부가 국내 관광수요로 전환된 것도 영향이 컸다고 말했다유승목 기자 mokmtcokr,2019-09-30,https://news.naver.com/main/read.nhn?mode=LSD&mid=shm&sid1=103&oid=008&aid=0004285345,0,1,0,0,0,1,머니투데이
naver_news,4대종단 성직자 4천명 “검찰, 대통령 인사권에 도전 멈춰라”,기독교와 불교 원불교 천주교 4대종단의 성직자들이 30일 오전 서울 종로구 한국기독교회관에서 열린 기자회견에서 검찰개혁을 촉구하는 내용의 손팻말을 들고 있다 이날 이들은 검찰개혁을 촉구하는 4대종단의 성직자 및 수도자 4천명 이상의 명단을 공개했다 신소영 기자 viatorhanicokr 기독교와 불교 원불교 천주교 4대종단의 성직자들이 30일 오전 서울 종로구 한국기독교회관에서 열린 기자회견에서 검찰개혁을 촉구하는 내용의 손팻말을 들고 있다 이날 이들은 검찰개혁을 촉구하는 4대종단의 성직자 및 수도자 4천명 이상의 명단을 공개했다 신소영 기자 viatorhanicokr천주교와 개신교 불교 원불교 4대 종단 성직수도자들이 검찰 개혁을 강도 높게 촉구했다천주교정의구현전국사제단 실천불교전국승가회 원불교사회개벽교무단 전국목회자정의평화협의회를 포함한 4대 종단 성직수도자 10여명은 30일 서울 종로구 연지동 한국기독교회관 조애홀에서 기자회견을 열어 비선출 권력인 검찰은 대통령 인사권에 대한 도전을 멈추고 개혁을 받아들여라고 요구했다이들은 선언문에서 검찰은 대통령이 임명한 법무부 장관을 거부할 수 있는 권력이 있는 것처럼 행세한다 민주주의 시대에는 이런 안하무인 태도의 거만함을 내려놓아야 한다며 검찰 권한 축소를 위해 검찰의 수사권과 기소권을 분리하고 공수처의 견제를 받아야 한다고 주장했다이들은 최근 검찰이 벌이는 조국 법무부 장관 수사와 관련해 특수부 검사 수십명을 동원해 먼지털기식 수사를 하고 있다며 이는 검찰 개혁을 거부하고 있다는 점을 노골적으로 드러내는 행위로 검찰은 독점권력을 내려놓고 국민 공복으로 돌아가야 한다고 지적했다이들은 검찰이 노무현 대통령 퇴임 이후 논두렁 시계라는 유언비어를 조작유포해 죽음으로 몰고 갔다며 독점된 힘에 취해 국민 인권을 외면하고 민주주의를 억압했던 과거를 반성해야 한다고 비판했다이날 낭독한 선언서에는 천주교 신부와 수녀 2천268명 개신교 목사 1천473명 불교 비구와 비구니스님 428명 원불교 교무 306명 등 총 4천475명이 서명했다주최측은 선언서 서명작업을 이달 25일부터 1천명 동의를 목표로 시작했는데 매일 1천명가량이 불어나면서 당초 목표를 크게 상회했다고 밝혔다조현 종교전문기자 chohanicokr한겨레신문  무단전재 및 재배포 금지,2019-09-30,https://news.naver.com/main/read.nhn?mode=LSD&mid=shm&sid1=103&oid=028&aid=0002469706,3,0,0,6,0,1,한겨레
naver_news,홍정욱 전 의원 딸, 대마 밀반입… 대마가 몸에 끼치는 영향은?,대마를 피우면 뇌 시냅스에 변화를 일으키고 뇌 혈류량이 감소되며 인지기능을 떨어뜨린다사진조선일보 DB 대마를 피우면 뇌 시냅스에 변화를 일으키고 뇌 혈류량이 감소되며 인지기능을 떨어뜨린다사진조선일보 DB한나라당자유한국당 전신 의원 출신인 홍정욱49사진 전 헤럴드미디어 회장의 장녀가 대마를 밀반입하려다가 공항에서 적발됐다인천지검은 30일 홍 전 회장의 자녀 홍모19씨를 마약류 관리에 관한 법률 위반 혐의로 체포해 수사하고 있다고 밝혔다홍씨는 지난 27일 오후 5시 40분께 미국에서 인천공항을 통해 입국하면서 마약을 몰래 들여오려다 세관에 적발됐고 인천지검에 인계됐다홍씨는 대마 향정신성의약품인 LSD리세르산디에틸아미드 등을 여행용 가방과 옷 주머니에 나눠 감춰서 들어오다가 공항 X레이 검색을 통해 적발된 것으로 알려졌다대마는 60개가 넘는 화학성분으로 구성돼있다 기억과 관련 있는 뇌의 해마와 신경세포를 손상하고 신경세포를 연결하는 시냅스에 손상을 입힐 수 있다 뇌 혈류량도 감소시키는데 이는 중추신경계에 영향을 미쳐 인지기능을 떨어뜨린다 무기력증환각망상 등의 정신병 증상을 유발하는데 이 점이 담배와 가장 큰 차이점으로 꼽힌다 담배에는 발암물질을 일부 걸러내는 필터가 있는데 대마초는 불법으로 제조돼 제대로 된 필터가 없어 타르니코틴 등의 발암물질을 그대로 흡입하게되는 점도 문제다 하루 대마초 34개를 피우는 것은 하루 20개 이상의 담배를 피우는 것과 같은 정도의 기관지 점막 손상을 준다는 보고가 있다 대마 연기에는 발암 유발 위험이 있는 탄화수소가 포함됐고 담배보다 고환암 위험률이 2배로 높다는 연구 결과도 있다대마는 술 담배에 비해 중독으로 가기까지의 기간이 더 짧고 어릴수록 중독될 확률이 높다 대마를 한번 피우면 6개월 후에도 모발에 축척돼 검출되며 소변을 통해서는 34일까지 확인할 수 있다 이해나 헬스조선 기자 lhnchosuncom,2019-09-30,https://news.naver.com/main/read.nhn?mode=LSD&mid=shm&sid1=103&oid=346&aid=0000028404,0,0,0,9,0,1,헬스조선
naver_news,'생활의달인' 파운드케이크 맛집 위치는?,생활의달인 파운드케이크 사진SBS 생활의달인 방송화면 캡처 생활의달인 파운드케이크 사진SBS 생활의달인 방송화면 캡처30일 재방송된 SBS 시사교양프로그램 생활의 달인에서는 파운드케이크 맛집의 비결이 전파를 탔다이날 방송에서 달인은 단호박 파운드 케이크 속에 들어간 알밤을 비법으로 소개했다알밤을 맛본 김동현 PD는 식감이 다르다며 일반 밤은 식감이 푸석푸석한데 이건 파근파근하다고 극찬했다부드러운 알밤의 비밀은 말린 더덕 껍질이었다 달인은 더덕을 첨가한 알밤에 대해 향이 좀 더 깊다 밤의 비릿한 냄새를 더덕껍질이 잡아준다고 설명했다이어 달인은 알밤의 맛을 살려줄 두 번째 재료로 말린 옥수수를 소개했다 여기에 배 등을 넣어 갈아낸 뒤 옥수수와 섞고 3시간 정도 놔두면 단맛이 스며든다고이날 맛집을 찾은 한 손님은 밤의 식감이 나도 밤 자체의 단맛만 나서 좋다 건강하다는 느낌이 든다고 평가했다한편 이날 방송에서 소개된 파운드케이크 맛집의 상호는 렁트멍으로 알려졌다SBS 생활의달인에서 파운드케이크 달인이 소개됐다강소현 기자 kang4201mtcokr,2019-09-30,https://news.naver.com/main/read.nhn?mode=LSD&mid=shm&sid1=103&oid=417&aid=0000454738,2,0,0,0,0,0,머니
naver_news,예멘 반군 "사우디군 등 2천명 생포…사우디는 쉬운 표적"(종합),예멘 반군이 공개한 사우디 나즈란 지역 공격 동영상AFP연합뉴스 예멘 반군이 공개한 사우디 나즈란 지역 공격 동영상AFP연합뉴스14일 공습으로 파괴된 사우디 석유시설로이터연합뉴스 14일 공습으로 파괴된 사우디 석유시설로이터연합뉴스포로 생포 무기 노획했다며 증거 동영상 공개테헤란연합뉴스 강훈상 특파원  사우디아라비아 남부 나즈란 지역을 대규모로 공격해 큰 승리를 거뒀다고 주장한 예멘 반군 후티자칭 안사룰라가 이튿날인 29일현지시간 증거 동영상을 공개하며 사우디를 자극했다예멘 반군의 아흐야 사레아 대변인은 이날 반군이 소유한 알마시라 방송을 통해 동영상을 공개하면서 적사우디 측 2천여명을 포로로 생포했고 도주하려던 200여명을 무인기와 미사일 공습으로 사살했다라고 발표했다이 동영상에는 산간 지역에서 민간인 복장을 한 수백명이 두 손을 위로 든 채 일렬로 걸어가는 모습과 사우디군 표식이 새겨진 장갑차가 불타고 반군 소속으로 보이는 무장 대원들이 무기와 탄약을 노획하는 장면 등이 담겼다또 사우디군의 신분증 사우디 군복을 입은 병사의 시신도 동영상을 통해 볼 수 있다사레아 대변인은 포로 가운데 대부분은 사우디 편에 선 예멘인이지만 사우디군 장교와 병사 제3국 출신의 용병도 포함됐다고 주장했다그는 전날 기자회견에서 나즈란 부근에서 최근 몇 달 간 이어진 알라의 승리 작전을 통해 적 3개 여단을 쳐부숴 수천 명을 포로로 잡고 군용 차량 장갑차 무기와 군용 장비를 상당수 노획했다라고 밝혔다그러나 이날 방송에서는 지난달 25일 개시된 3일간의 작전에서 대승을 거뒀다라고 시점을 바꿨다사우디군은 이를 확인하지 않았다예멘 반군은 14일 사우디 핵심 석유시설을 무인기로 공격했다고 자처했으나 사우디와 미국은 반군의 군사 능력을 의심하면서 이란을 공격 주체로 지목했다예멘 반군은 자신의 전투력이 사우디를 압도할 만큼 강력하다는 점을 부각함으로써 이를 반박하려고 한 달 전 벌인 군사작전 동영상을 공개한 것으로 보인다예멘 반군의 지도조직 최고정치위원회 무함마드 알부하이티 정치국장은 30일 이란 타스님뉴스와 인터뷰에서 사우디에 큰 타격을 준 이번 알라의 승리 작전으로 전쟁의 방정식이 우리 편에 유리하게 됐다라고 자평했다이어 이번 작전의 성공은 우리의 첨단 미사일 대공 방어와 공습 능력이 실전에 반영된 결과라고 할 수 있다라며 사우디는 이제 우리에게 아주 쉬운 표적이 됐다라고 주장했다반군이 20일 사우디에 제안한 휴전 중단에 대해 그는 사우디가 이를 거부하면 예멘의 미사일이 사우디 영토 안으로 더 깊숙이 다다를 것이며 그 정도는 더 강해질 것이다라며 사우디의 한층 중요하고 핵심적인 시설을 표적으로 삼겠다라고 경고했다예멘 반군과 긴밀한 이란 외무부도 30일 낸 성명에서 사우디가 예멘 반군의 휴전 제안을 받아들여야 한다고 촉구했다hskangynacokr,2019-09-30,https://news.naver.com/main/read.nhn?mode=LSD&mid=shm&sid1=104&oid=001&aid=0011112443,0,0,0,0,0,0,연합뉴스
naver_news,아직 9월인데... 美몬태나, 눈 1m 쌓여 '비상사태',몬태나AP뉴시스29일현지시간 미국 몬태나 주 헬레나의 눈 덮인 길을 보행자들이 걷고 있다 몬태나 주는 전례없는 9월 강풍과 폭설로 비상사태를 선포했다 20190930 몬태나AP뉴시스29일현지시간 미국 몬태나 주 헬레나의 눈 덮인 길을 보행자들이 걷고 있다 몬태나 주는 전례없는 9월 강풍과 폭설로 비상사태를 선포했다 20190930서울뉴시스이혜원 기자  때아닌 9월 폭설로 미국 서부 일부 지역이 마비됐다 몬태나 주는 비상사태를 선포했다29일현지시간 뉴욕타임스NYT USA투데이 등에 따르면 캘리포니아 주 오리건 주 워싱턴 주 몬태나 주 아이다호 주 유타 주 일부 지역에 때아닌 폭설이 내렸다미국 국립기상청은 이번 눈폭풍이 역사적이라면서 일부 지역의 기온은 평년기온보다 30도 정도 떨어질 것이라고 경고했다 국립기상청은 특히 월요일까지 그레이트 베이슨 북부 지역과 로키 지역 캘리포니아 북부 지역에서는 일별 최저 온도 기록이 가능하다고 설명했다몬태나 주에서는 고속도로 위를 달리던 자동차들이 미끄러지고 거센 바람으로 나무와 송전선이 쓰러지면서 일시적으로 일부 도로가 통제됐다 일부 지역에서는 정전이 발생했으며 농작물 피해가 예상됐다 스티브 불럭 몬태나 주지사는 전례없는 9월 겨울 폭풍에 놀랐다면서 겨울 폭풍 비상사태를 선포했다몬태나 주 글레이셔 국립공원 인근 브라우닝 지역의 적설량은 1016cm나 됐다 이 지역에 눈은 현재까지 계속 내리고 있다 아큐웨더의 수석 기상학자 댄 피디노스키는 9월에 미국 일부 지역에 눈이 내리는 건 드문 일은 아니지만 상대적으로 적은 양의 눈이 내렸다고 지적했다몬태나 주의 9월 강설량 기록이 곳곳에서 깨지고 있다 국립기상청에 따르면 전날 미줄라 국제공항에서 눈이 기록됐다 미줄라 국제공항은 1893년 이래로 9월28일에 눈이 기록된 적이 없는 곳이다 28일 그레이트 폴스의 강설량은 24638cm를 기록했는데 이전 최고기록은 1954년에 세워진 15494cm였다제프 모우 글레이셔 국립공원 관리인은 2월에 내릴 눈폭풍이 9월에 내린다며 우리는 이런 폭풍에 익숙해져있지만 이맘때가 아니다라고 강조했다몬태나 주 북서부 페어필드 인근에 사는 한 남성은 이 곳에서 20년동안 살았다 우리 지역사회 내에서 이렇게 가장 큰 불안을 느낀 적은 없었다라며 가장 두려움을 느끼고 있을 사람들은 우리 이웃인 농부들이다 작물들이 눈속에 파묻혀 있다고 말했다워싱턴 주 북동부 지역에는 3048cm 이상의 눈이 내렸다 워싱턴 주 동부에 있는 도시 스포캔의 강설량은 매우 적었지만 1926년 이후 9월에 눈이 내린 건 처음이었다 워싱턴 주는 30일 밤까지 기온이 영하로 떨어질 것으로 예상되면서 노숙자 대피소의 수용인원을 늘렸다국립기상청은 오리건 주 포틀랜드에서 최대 시속 8851km의 돌풍을 동반한 우박이 내려 피해가 발생했으며 캐스케이드 산맥에도 최대 254cm의 눈이 쌓였다고 전했다jaeleenewsiscom,2019-09-30,https://news.naver.com/main/read.nhn?mode=LSD&mid=shm&sid1=104&oid=003&aid=0009480354,0,0,0,0,0,0,뉴시스
naver_news,일본 원전 ‘금품 커넥션’ 파문…간부들이 35억 받아챙겨,다카하마원전34호기 다카하마원전34호기일본의 지방 유력자가 원자력발전소 간부 20여명에게 최소 3억2000만엔35억5555만원 상당의 금품을 뿌린 사건이 드러나 파문이 전방위적으로 확대되고 있다문제의 시작은 후쿠이현 다카하마초 지역 유지인 모리야마 에이지라는 인물이 간사이전력 간부 20여명에게 2011년부터 지난해까지 최소 7년간 상품권 등 금품을 건넨 사건이 최근 드러나면서부터였다 모리야마는 올해 3월 90살로 숨졌다 다카하마초 지역에는 간사이전력이 운영하는 다카하마원전 14호기가 있다금품을 받은 사람은 야기 마코토 회장과 이와네 시게키 사장 등 임원 20명이다 이와네 사장은 지난 27일 기자회견을 열어서 취임 축하 명목으로 금품을 받았다며 모리야마가 거절하면 화를 냈다고 밝혔다 금품을 일시 개인적으로 보관했으며 의례적인 범위 안에 있는 것을 제외하고 전부 반납했다고 말했다그러나 이후에도 의혹은 꼬리를 물고 계속 제기되고 있다 은 다카하마초 지역 건설회사인 요시다개발이 지난 3년간 20억엔 이상 공사를 간사이전력에서 수주했다고 30일 보도했다 일본 세무당국 조사에 따르면 요시다개발은 모리야마에게 3억엔을 건넜으며 이중 1억8000만엔이 야기 회장 등에게 금품으로 건네졌다다카하마초는 인구 1만명 남짓한 작은 지역이다 한적한 어촌 마을이었던 이곳은 1970년대 원전이 유치되면서 원전에서 돈이 흘러나오기 시작했다 모리야마는 원전 유치에 앞장서왔으며 77년부터 10년간 다카하마초의 조역부군수을 지냈다 다카하마원전 1호기는 74년 운전을 개시하고 85년까지 24호기가 증설됐다 다카하마원전 34호기는 2011년 후쿠시마원전 사고 뒤 가동이 중지됐다가 아베 신조 정부의 원전 재가동 정책에 힘입어 2017년 재가동됐다 재가동을 위해서는 안전장치 보강공사가 필요했고 지역 건설회사들은 특수를 누렸다 이 사건은 원전을 짓기 위해 지역 사회를 설득해야 하는 원전 운영사 그리고 원전에서 나오는 돈으로 지탱되는 지역경제가 낳은 현상이라는 평가가 나온다도쿄조기원 특파원 gardenhanicokr한겨레신문  무단전재 및 재배포 금지,2019-09-30,https://news.naver.com/main/read.nhn?mode=LSD&mid=shm&sid1=104&oid=028&aid=0002469717,0,0,0,2,0,1,한겨레
naver_news,[Pick] 81살 사촌과 결혼한 20대 우크라이나 남성…병역 기피 의혹, 위 사진은 기사 내용과 직접적인 관련이 없습니다57살 연상의 여성을 신부로 맞은 20대 우크라이나 남성이 병역 기피 의혹을 받고 있습니다현지 시간으로 지난 27일 영국 메트로 등 외신들은 81살 사촌과 결혼한 24살 알렉산더 콘드라튜크 씨에 대해 보도했습니다우크라이나는 징병제이기 때문에 18살 이상의 남성들은 병역의 의무를 이행해야 합니다 단 건강에 문제가 있거나 경우 또는 몸이 아프거나 장애가 있는 아내를 돌봐야 하는 경우에는 면제를 받을 수 있습니다콘드라튜크 씨가 장애를 가진 80대 친척 지나이다 일라리오노프나 씨와 결혼했다는 소식이 주목을 받은 건 이 때문입니다 젊은 청년이 군 복무를 피하고자 술수를 쓴 게 아니냐는 의혹이 제기된 겁니다일라리오노프나 씨의 이웃들은 젊은 남편은 동네에 보이지도 않았고 일라리오노프나의 조카와 자매 가족들이 주로 찾아와 돌봤다며 결혼에 대한 증거는 징병위원회가 나타날 때마다 내미는 결혼 증명서 뿐이라고 주장했습니다하지만 콘드라튜크 씨는 병역 기피 의혹을 부인하며 현지 매체를 통해 부인에 대한 강한 애정을 드러냈습니다 아내 역시 남편이 나를 잘 돌봐준다고 전했습니다이와 관련해 군 당국은 조사 결과 콘드라튜크 씨는 장애인으로 등록된 사람의 남편이므로 병역을 연기할 권리가 있다며 결혼 증명서와 함께 같이 살고 있다는 증거 자료를 제출했으므로 우리는 별다른 조처를 하지 않을 것이라고 입장을 밝혔습니다뉴스 픽 입니다사진Metro 홈페이지 캡처조도혜 에디터  SBS  SBS Digital News Lab  무단복제 및 재배포 금지,2019-09-30,https://news.naver.com/main/read.nhn?mode=LSD&mid=shm&sid1=104&oid=055&aid=0000762140,0,1,0,1,0,0,네이버뉴스
naver_news,[월드피플+] 성매매 피해여성 한눈에 알아보고 구출한 택시기사,영국 경찰의 바디캠에 찍힌 모습 사진 속 루마니아 여성은 사기를 당해 영국 런던으로 온 뒤 강제로 성매매에 동원됐다가 택시기사의 기지 덕분에 구출됐다 영국 경찰의 바디캠에 찍힌 모습 사진 속 루마니아 여성은 사기를 당해 영국 런던으로 온 뒤 강제로 성매매에 동원됐다가 택시기사의 기지 덕분에 구출됐다신고 당일 경찰에게 자초지종을 설명하고 있는 택시기사의 모습이 경찰의 바디캠에 찍혔다 신고 당일 경찰에게 자초지종을 설명하고 있는 택시기사의 모습이 경찰의 바디캠에 찍혔다서울신문 나우뉴스임신한 채 성매매에 동원된 피해 여성을 용감하게 구출해 낸 영국의 택시기사 사연이 뒤늦게 알려졌다버밍엄라이브 등 현지 언론의 29일 보도에 따르면 영국에서 택시기사로 일하는 타히르 메무드는 지난해 2월 20일 잉글랜드 웨스트미들랜드 주에 있는 코번트리의 대로변에서 승객 임신한 외국인 여성 한 명을 태웠다이 여성이 탑승하기 전 한 남성이 택시 밖에서 여성의 목적지를 설명했고 택시기사는 함께 탑승하지 않은 남성이 말한 장소로 운전하기 시작했다이후 택시기사는 여성 승객이 매우 불안해하다가 결국 울음을 터뜨리는 것을 보고는 용기 내어 승객에게 무슨 일이 있느냐고 물었다이에 여성 승객은 마사지사로 일할 수 있다고 해서 루마니아에서 왔는지 여기 온 지 4일 만에 성매매를 강요당했다 내 고국으로 돌아갈 수 있게 도와달라고 호소했다메무드에 택시에 탄 당일도 여성은 낯선 타국에서 성매매 고객이 있는 곳으로 끌려가는 중이었고 당시 그녀를 택시에 태운 뒤 목적지를 말한 남성은 포주로 확인됐다택시기사는 곧바로 경찰에 신고했고 경찰은 조사를 통해 피해 여성이 사기를 당해 영국으로 들어온 뒤 곧바로 성매매에 동원댔다는 사실을 확인했다 당시 피해 여성의 가방에서는 콘돔 50개가 발견되기도 했다또 이 여성의 증언을 토대로 성매매가 이뤄지는 런던의 모처를 습격해 그녀와 같은 피해를 입고 있던 여성들을 구하는데 성공했다피해 여성을 택시에 태웠던 포주는 다음 날 자택에서 경찰에 체포됐지만 보석금을 내고 풀려난 뒤 행방이 묘연해 수배령이 내려진 상태다경찰은 범죄의 희생양이 된 피해자를 한눈에 알아보고 용기를 내 여성의 사연을 듣고 신고까지 한 택시기사의 선행을 알리기 위해 당시의 모습을 담은 바디캠 영상을 최근 공개했다두 아이의 아빠이며 2004년부터 택시기사로 일해 온 메무드는 택시기사 면허증을 딸 때 도움을 필요로 하는 승객을 만나면 어떻게 해야 하는지 교육을 받았기 때문에 내가 해야 할 일을 알고 있었다면서 누군가 또 다시 도움을 필요로 한다면 그렇게 할 것이다 구급차가 필요하다면 구급차를 불러 줄 것이고 내가 직접 도울 수 있다면 그렇게 할 것이라고 전했다송현서 기자 huimin0217seoulcokr  나우뉴스에서 일본 통신원을 모집합니다   네이버에서 서울신문 구독   우주 소식 네이버 밴드로 보세요  서울신문wwwseoulcokr 무단전재 및 재배포금지,2019-09-30,https://news.naver.com/main/read.nhn?mode=LSD&mid=shm&sid1=104&oid=081&aid=0003032508,4,0,0,0,0,1,서울신문
naver_news,삼성전자, 日 2위 통신사 KDDI에 2조원대 5G 통신장비 공급(종합),이재용 삼성그룹 부회장PG 정연주 제작 일러스트 이재용 삼성그룹 부회장PG 정연주 제작 일러스트일본 제2위 통신업체인 KDDI 홈페이지 캡처 일본 제2위 통신업체인 KDDI 홈페이지 캡처KDDI 5G 제1호 기지국 KDDI가 30일 공개한 5G 제1호 기지국 웹사이트 캡처 KDDI 5G 제1호 기지국 KDDI가 30일 공개한 5G 제1호 기지국 웹사이트 캡처삼성KDDI 20년 협력관계노키아에릭슨도 공급사로 선정도쿄 서울연합뉴스 박세진 특파원 최현석 기자  삼성전자가 일본 2대 통신업체인 KDDI에 5세대5G 이동통신 장비를 공급하는 계약을 따내 향후 5년간 30조원대가 투입될 일본 5G 장비 시장 진출의 물꼬를 텄다30일 통신업계 등에 따르면 KDDI는 오는 2023년까지 일본 전역에 5만3천626개의 5G 기지국을 구축하기로 하고 삼성전자와 핀란드 노키아 스웨덴 에릭슨을 5G 장비 공급업체로 선정했다KDDI가 계획한 5G 기지국 수는 일본 통신업체 가운데 가장 많은 것이다삼성전자는 KDDI가 도쿄 도심부에 설치하는 5G 기지국 등에 들어갈 통신 장비를 이미 공급하기 시작한 것으로 알려졌다삼성전자는 정확한 계약 내용을 공개하지 않았지만 전체 장비 공급 규모는 5년간 20억 달러약 2조3천억원어치에 달할 것으로 관측되고 있다삼성전자와 달리 노키아와 에릭슨은 이날 보도자료를 통해 KDDI의 5G 장비 공급업체로 선정됐다고 발표했다국내 이통사와 미국 버라이즌 등에 5G 장비를 공급해온 삼성전자는 KDDI에 3G 이동통신인 코드분할다중접속CDMA과 롱텀에볼루션LTE4세대 이동통신 장비를 대는 등 20년간 협력 관계를 유지해 왔다내년 7월 막을 올리는 도쿄올림픽패럴림픽에 앞서 5G 상용 서비스를 시작할 예정인 일본 통신 대기업들은 기지국 설치 투자를 본격화하고 있다일본 총무성에 따르면 KDDI와 제1위 기업인 NTT도코모 및 소프트뱅크 라쿠텐 모바일 등 4대 통신 대기업은 향후 5년간 5G 인프라 확충에 3조엔약 33조원을 투입하기로 했다업체별로는 NTT도코모와 KDDI가 각각 1조엔씩을 투자하고 소프트뱅크는 5천억엔 규모의 투자를 계획하고 있다 라쿠텐 모바일은 2천억3천억엔을 쏟아부을 예정이다현지 언론은 일본 통신업체들이 5G 관련 장비를 4G 장비를 공급받은 업체에서 주문할 공산이 크다는 이유로 NTT도코모는 NEC후지쓰노키아에서 KDDI는 에릭슨삼성전자 등에서 주로 주문할 것으로 보고 있다이 때문에 삼성전자가 KDDI 외에 소프트뱅크와 라쿠텐 모바일 등에도 장비를 공급하기 위한 협상을 진행 중이라는 관측이 나오고 있다앞서 이재용 삼성전자 부회장은 지난 5월 방일해 일본 1위 이동통신 회사인 NTT도코모와 KDDI 본사를 방문 각사 경영진과 5G 사업에 대해 의견을 교환했다한편 KDDI는 내년 3월 5G 상용서비스를 시작하기 위해 5G로 배정된 주파수대와 상용 장치를 이용한 제1호 기지국을 설치하고 전파 발사를 개시했다고 30일 발표했다이 회사는 5G가 고령화 노동인구 감소 등 다양한 사회 문제를 해결하고 산업을 고도화하는 데 기여할 것이라며 2023년 말까지 일본 내 최다 기지국을 설치해 전국을 커버하는 5G 네트워크를 갖출 것이라고 밝혔다harrisonynacokr,2019-09-30,https://news.naver.com/main/read.nhn?mode=LSD&mid=shm&sid1=105&oid=001&aid=0011112409,0,0,0,0,0,0,연합뉴스
naver_news,리보세라닙 임상 엇갈린 평가…신약허가 예상 vs 사실상 실패,위암 등의 치료에 쓰이는 경구용 표적항암제 리보세라닙 임상 3상 결과를 놓고 바이오 업계 평가가 엇갈리면서 시장 혼선이 커지고 있다에이치엘비는 지난 29일 스페인 바르셀로나에서 열린 유럽종양학회ESMO에서 리보세라닙의 글로벌 임상 3상이 성공했다고 자평했다 하지만 업계 일각에서는 미국 식품의약국FDA 시판 허가가 나오기 전에는 결과를 예단하기 힘들다며 유보적 입장을 내비쳤다 신약 유효성을 평가하는 데 가장 중요한 지표인 전체 생존 기간overall survivalOS 수치가 이미 시장에 나와 있는 치료제에 비해 높지 않다는 게 이들의 지적이다 OS는 환자가 치료 시작 후부터 사망에 이르는 기간을 말한다업계에 따르면 신약 유효성을 평가하는 가장 보편적인 방식은 개발 중인 신약을 복용하는 시험군과 위약가짜 약을 먹는 대조군 간 OS 차이를 비교하는 것이다 시험군과 대조군 집단 간 생존율 격차가 클수록 신약물질의 약효가 높다고 추정할 수 있기 때문이다 리보세라닙을 투약한 시험군의 OS는 578개월로 기존 약인 론서프57개월 옵디보526개월 사이람자52개월보다 높게 나왔다 하지만 시험군과 대조군 간 생존 기간 차이는 리보세라닙의 경우 065개월에 그쳤다 반면 론서프21개월 사이람자14개월 옵디보12개월는 좀 더 높게 나타났다바이오기업 A사 대표는 신약을 투여한 시험군만의 OS값 자체보다는 대조군 대비 OS 개선값OS gain이 높아야 신약으로 효과가 큰 것이라며 리보세라닙은 6월 말 발표 때처럼 이 문제를 여전히 해결하지 못했다고 지적했다 B사 관계자는 만일 FDA 시판 허가를 받을 수 있더라도 OS 개선값이 낮아 다른 치료제와 경쟁할 만한 시장성이 높지 않다고 잘라 말했다에이치엘비 측도 OS가 만족할 만한 수준으로 나오지 못한 점은 인정했다 회사 관계자는 임상 3상을 위해 FDA에 시험군과 대조군 간에 월등히 큰 차이가 나는 OS 목표치를 제시했지만 그 같은 결과를 얻지 못했다면서도 다른 지표 내용이 좋은 만큼 임상은 성공한 것이고 FDA 승인도 기대하고 있다고 강조했다 이와 관련해 에이치엘비는 암 진행 없이 생존한 기간인 무진행 생존 기간PFS과 암세포가 성장을 멈추거나 크기가 줄어든 환자 비율인 질병통제율DCR 등 다른 수치를 강조하고 있다 리보세라닙의 PFS는 283개월로 위암 3차 치료제로 이미 허가받은 론서프2개월 옵디보16개월보다 높았다회사 관계자는 시험군과 대조군가짜 약의 PFS 차이 역시 리보세라닙이 106개월로 론서프02개월 옵디보016개월보다 높다며 위독한 말기 위암 환자를 대상으로 한 임상임을 고려할 때 리보세라닙 약효는 월등하다고 강조했다에이치엘비는 최근 FDA가 통계학적으로 OS 임상 목표치에 이르지 못했더라도 이처럼 다른 변수들의 유의성이 입증되면 신약 허가를 내주는 사례가 많다는 점을 들어 신약 허가를 받는 데 어려움이 없을 것으로 보고 있다 실제로 미국 제약사 얀센이 개발한 항암제 트라벡테딘상품명 욘델리스이 임상 3상에서 OS가 통계적 유의성을 확보하지 못했지만 증가한 PFS를 확보해 2015년 10월 신약 허가를 받았다 다만 에이치엘비가 제시했던 당초 OS 목표치를 맞출 것을 FDA가 요구한다면 신약 승인이 나기 힘들다는 예상이 나온다 C사 관계자는 1차 평가지표인 OS가 목표치에 미달했기 때문에 원칙적으로 임상 실패가 맞는다며 FDA가 신약 허가를 내주기는 쉽지 않을 것이라고 전망했다김병호 기자  서정원 기자 매일경제  mkcokr 무단전재 및 재배포 금지,2019-09-30,https://news.naver.com/main/read.nhn?mode=LSD&mid=shm&sid1=105&oid=009&aid=0004436367,0,0,0,4,0,0,매일경제
naver_news,"사람 눈으로 4K·8K TV 구별 가능해",30일 이화여대에서 열린 2019 KIDS 화질연구회구동기술 및 시스템 연구회 공동 워크숍 8K 고해상도 화질 세션 연사로 나선 이화여대 색채디자인연구소장 박영경 교수는 4K에서 8K로 화면 해상도를 높이는 것이 주는 시청 경험의 차이를 설명했다 사진지디넷코리아 30일 이화여대에서 열린 2019 KIDS 화질연구회구동기술 및 시스템 연구회 공동 워크숍 8K 고해상도 화질 세션 연사로 나선 이화여대 색채디자인연구소장 박영경 교수는 4K에서 8K로 화면 해상도를 높이는 것이 주는 시청 경험의 차이를 설명했다 사진지디넷코리아박 교수는 실험에서 120명의 참가자에게 4K와 8K 디스플레이의 차이점에 대한 의견을 물어봤다 박 교수는 실험에서 120명의 참가자에게 4K와 8K 디스플레이의 차이점에 대한 의견을 물어봤다이대 박영경 교수 KIDS 화질연구회구동기술 및 시스템 연구회서 발표지디넷코리아권혜미 기자8K 이상의 초고해상도 영상을 시청할 때 사물을 종합적으로 인지하는 능력이 향상합니다사람의 눈이 4K와 8K 해상도를 구별해 낼 수 있다는 연구 결과가 공개됐다30일 이화여대에서 열린 2019 KIDS 화질연구회구동기술 및 시스템 연구회 공동 워크숍 8K 고해상도 화질 세션 연사로 나선 이화여대 색채디자인연구소장 박영경 교수는 4K에서 8K로 화면 해상도를 높이는 것이 주는 시청 경험의 차이를 설명했다박영경 교수는 지난해 삼성디스플레이와 산학과제를 통해 8K 이상의 초고해상도 영상을 시청할 때 사물을 종합적으로 인지하는 능력이 향상한다는 실험 결과를 발표한 바 있다박 교수는 실험에서 120명의 참가자에게 4K와 8K 디스플레이의 차이점에 대한 의견을 물어봤다 이 연구는 4K와 8K 두 대의 65인치 LCD 스크린이 사용됐다 두 스크린 모두 500니트의 동일한 밝기 수치가 적용됐다 참가자들은 정적 이미지와 비디오 콘텐츠를 나란히 비교해 두 이미지의 차이점을 비교하도록 요청받았다박영경 교수는 사실 저의 경우는 솔직히 두 스크린 간 차이를 느끼기 어려웠지만 실험 결과는 달랐다고 말했다연구 결과 8K 디스플레이 성능은 35 더 높게 평가됐다 4K 대비 8K의 화질은 30  심도 지각은 60 증가를 한 것으로 나타났다박 교수는 참가자들은 8K 스크린에 묘사된 이미지가 더 높은 감각과 지각을 불러일으키는 것으로 서술했다며 대상이 더 차갑고 따뜻하고 맛있고 무겁게 보인다고 답했다고 전했다박 교수는 8K 해상도와 같은 디스플레이 종속적인 특성은 명암 및 이미지의 생생함을 높인다며 이처럼 명암과 선명도가 높아지면 대상을 보다 3차원적이며 현실적으로 인식할 수 있다고 밝혔다 이어 이미지를 더 현실적이고 더 감각적으로 만든다는 점에서 인지적 수준에서 8K는 더 높은 해상도를 가진 것으로 보인다고 덧붙였다박 교수에 따르면 8K TV 출시로 해상도가 높아지면서 물체와 광학 특성에 대한 더 많은 정보를 제공함으로써 초현실적인 이미지를 전달할 수 있는 기능이 향상됐다한편 박 교수는 8K 해상도 측정 기준으로 화질 선명도CM Contrast Modulation에 대해 CM이 중요하다는 건 인정하지만 8K 디스플레이를 위한 측정법은 더 개선돼야 한다고 생각한다고 말했다앞서 LG전자는 ICDM국제디스플레이계측위원회 표준을 내세우며 삼성전자 2019년형 QLED TV가 8K TV 해상도 기준에 못 미친다고 주장했다 이에 삼성전자 측은 CM은 1927년 발표된 개념으로 물리적으로 화소수를 세기 어려운 디스플레이 해상도 평가를 위해 사용되었던 것으로 초고해상도 컬러 디스플레이의 평가에는 적합하지 않다고 반박했다 ICDM은 선명도 충족 기준으로 50를 제시한다 화질선명도가 50는 넘어야 사람이 눈으로 직접 봤을 때 인접한 화소들을 구분할 수 있다는 판단에서다권혜미 기자hyemingzdnetcokr,2019-09-30,https://news.naver.com/main/read.nhn?mode=LSD&mid=shm&sid1=105&oid=092&aid=0002171488,0,0,0,0,0,0,네이버뉴스
naver_news,삼성전자, 일본 이통사 KDDI에 5G 장비 공급키로,일본에 마련된 삼성 갤럭시 하라주쿠 외관사진삼성전자 일본에 마련된 삼성 갤럭시 하라주쿠 외관사진삼성전자KDDI 2023년까지 5만3천여개 기지국 구축 목표지디넷코리아이은정 기자삼성전자가 일본 이동통신사 KDDI의 5G 통신장비 공급 업체로 선정됐다삼성전자는 30일 일본 KDDI에 5G 기지국 장비를 공급한다고 밝혔다 KDDI는 내년 3월까지 5G 서비스 상용화를 목표로 하고 있다 삼성전자와 더불어 스웨덴 에릭슨 핀란드 노키아가 KDDI에 5G 장비를 공급한다업계에 따르면 삼성전자가 KDDI에 공급하는 5G 기지국 장비 규모는 약 20억 달러약 2조4천억원에 달한다 삼성전자는 일본 수도권 중심으로 장비를 공급할 것으로 알려졌다삼성전자 관계자는 KDDI와 5G 통신장비 공급 계약을 맺은 것은 맞다고 인정하면서도 공급 규모와 기간은 확인이 어렵다고 말했다앞서 이재용 삼성전자 부회장은 지난 5월 KDDI 본사를 방문해 5G 사업 관련 협력 방안에 대한 협력 방안을 논의했다 이 부회장은 이 자리에서 2020년 일본 5G 서비스 시대 개막에 대비해 5G 조기 확산과 서비스 안착을 위한 상호 협력을 강화하기로 의견을 모은 것으로 전해졌다삼성전자는 이번 협력을 통해 일본 스마트폰 시장 공략에 더욱 박차를 가할 수 있을 것으로 예상된다 스트래티지애널리틱스SA에 따르면 삼성전자는 2분기 이 시장에서 전년 동기88보다 소폭 상승한 98의 점유율로 6년 만에 역대 최고치를 기록했다고동진 삼성전자 IM부문장 사장은 5G 시대를 선도하는 무선통신분야의 공식 파트너로서 2020 도쿄올림픽에서 전세계인들에게 지금까지 경험하지 못한 빠르고 새로운 모바일 경험을 제공하기 위해 최선을 다할 것이라고 밝힌 바 있다이은정 기자lejjzdnetcokr,2019-09-30,https://news.naver.com/main/read.nhn?mode=LSD&mid=shm&sid1=105&oid=092&aid=0002171492,2,0,0,0,0,0,네이버뉴스
naver_news,삼성전자, 탈(脫)중국 가속화...中 휴대폰 생산라인 완전철수,삼성전자 후이저우 공장 전경 바이두 삼성전자 후이저우 공장 전경 바이두삼성전자가 탈脫중국 행보를 가속화한다 중국 내 마지막 휴대폰 생산라인을 완전히 철수한 뒤 베트남 인도를 주력 생산기지로 키운다30일 업계에 따르면 삼성전자는 후이저우삼성전자 임직원에게 9월 말 공장 가동을 중단한다고 공지한 것으로 알려졌다 지난 6월 후이저우 공장을 대상으로 희망퇴직 조치를 실시한 이후 최종 조치로 보인다후이저우 공장은 한중 수교가 체결된 1992년부터 가동을 시작해 2017년 기준으로 연간 약 6300만대의 휴대폰을 생산하고 있다 이는 삼성전자가 전 세계에서 생산하는 스마트폰 물량의 17에 해당한다 중국에서 생산된 물량 대다수는 베트남과 인도 공장으로 재배치된다삼성전자가 중국에서 휴대폰 생산라인을 철수하는 것은 중국에서 직접 생산하는 게 더 이상 도움을 주지 못할 것이라는 판단을 한 것으로 풀이된다 삼성전자는 앞서 지난해 12월말 톈진 휴대폰 공장을 폐쇄한 바 있다중국은 과거 세계의 공장으로 불리며 국내 기업들의 제조업 기지 역할을 했다 그러나 올해 중국 1인당 GDP가 1만달러에 달하는 등 인건비가 지속적으로 상승하고 있다 실제 후이저우 공장의 경우 지난 2008년 1894위안약 32만원이었지만 2018년 기준으로는 5690위안약 97만원 수준이다특히 삼성전자의 중국 스마트폰 시장 점유율은 1대로 더 이상 상승곡선을 그리기 어렵다는 분석이다 삼성전자는 앞으로 중국에서 자체 생산보다는 제조업체개발생산ODM 방식을 확대할 것으로 전망된다 중국시장에서 가성비를 내세운 중국 업체들과 경쟁하기 위해 ODM을 기반으로 한 제품 라인을 확대한다는 것이다이경탁 기자 kt87chosunbizcomchosunbizcom,2019-09-30,https://news.naver.com/main/read.nhn?mode=LSD&mid=shm&sid1=105&oid=366&aid=0000444136,24,3,0,0,0,4,조선비즈